{
"lengthUnit": "mil",
"remark": [],
"components": {
	"fields": ["COMPONENT_NO", "COMPONENT_NAME", "LAYER", "X_COORDINATE", "Y_COORDINATE", "ANGLE"],
	"rows": [
		[1, "C1", "T", 325, 2945, 0],
		[2, "C2", "T", 325, 2875, 0],
		[3, "C3", "T", -550, 2720, 0],
		[4, "C4", "T", 525, 2945, 180],
		[5, "C5", "T", 525, 2875, 180],
		[6, "C6", "T", 525, 2805, 180],
		[7, "C7", "T", 325, 2805, 0],
		[8, "C8", "T", 325, 2735, 0],
		[9, "C9", "T", -550, 2650, 180],
		[10, "C10", "T", -550, 2580, 180],
		[11, "D1", "T", -430, 325, 0],
		[12, "D2", "T", -385, 260, 0],
		[13, "D3", "T", 195, 190, 180],
		[14, "D4", "T", 220, 255, 180],
		[15, "H1", "T", -850, 1000, 270],
		[16, "H2", "T", -750, 1000, 270],
		[17, "H3", "T", 750, 1000, 270],
		[18, "H4", "T", 850, 1000, 270],
		[19, "LED1", "T", -665, 2445, 270],
		[20, "R2", "T", -420, 1330, 0],
		[21, "R3", "T", -100, 145, 0],
		[22, "R4", "T", 100, 145, 180],
		[23, "R5", "T", -675, 2260, 0],
		[24, "R6", "T", -675, 2200, 0],
		[25, "R7", "T", 445, 410, 0],
		[26, "R8", "T", 445, 350, 0],
		[27, "R9", "T", -675, 2140, 180],
		[28, "SW1", "T", -820, 2640, 90],
		[29, "SW2", "T", -820, 2375, 90],
		[30, "U1", "T", 0, 710, 0],
		[31, "U2", "T", 0, 225, 270],
		[32, "U3", "T", 780, 2750, 0],
		[33, "U4", "T", 780, 2900, 0],
		[34, "U5", "T", 900, 2900, 0],
		[35, "U6", "T", 0, 2481.1, 0],
		[36, "U16", "T", -500, 0, 0],
		[37, "U17", "T", 500, 0, 180],
		[38, "U18", "T", 0, 2750, 0],
		[39, "USB1", "T", 0, 0, 0],
		[40, "PAD1", "T", -400.475, 325, 0],
		[41, "PAD2", "T", -459.525, 325, 0],
		[42, "PAD3", "T", -355.475, 260, 0],
		[43, "PAD4", "T", -414.525, 260, 0],
		[44, "PAD5", "T", 165.475, 190, 0],
		[45, "PAD6", "T", 224.525, 190, 0],
		[46, "PAD7", "T", 155.626, 255, 0],
		[47, "PAD8", "T", 284.374, 255, 0],
		[48, "PAD9", "T", -850, 2050, 0],
		[49, "PAD9", "B", -850, 2050, 0],
		[50, "PAD10", "T", -850, 1950, 0],
		[51, "PAD10", "B", -850, 1950, 0],
		[52, "PAD11", "T", -850, 1850, 0],
		[53, "PAD11", "B", -850, 1850, 0],
		[54, "PAD12", "T", -850, 1750, 0],
		[55, "PAD12", "B", -850, 1750, 0],
		[56, "PAD13", "T", -850, 1650, 0],
		[57, "PAD13", "B", -850, 1650, 0],
		[58, "PAD14", "T", -850, 1550, 0],
		[59, "PAD14", "B", -850, 1550, 0],
		[60, "PAD15", "T", -850, 1450, 0],
		[61, "PAD15", "B", -850, 1450, 0],
		[62, "PAD16", "T", -850, 1350, 0],
		[63, "PAD16", "B", -850, 1350, 0],
		[64, "PAD17", "T", -850, 1250, 0],
		[65, "PAD17", "B", -850, 1250, 0],
		[66, "PAD18", "T", -850, 1150, 0],
		[67, "PAD18", "B", -850, 1150, 0],
		[68, "PAD19", "T", -850, 1050, 0],
		[69, "PAD19", "B", -850, 1050, 0],
		[70, "PAD20", "T", -850, 950, 0],
		[71, "PAD20", "B", -850, 950, 0],
		[72, "PAD21", "T", -850, 850, 0],
		[73, "PAD21", "B", -850, 850, 0],
		[74, "PAD22", "T", -850, 750, 0],
		[75, "PAD22", "B", -850, 750, 0],
		[76, "PAD23", "T", -850, 650, 0],
		[77, "PAD23", "B", -850, 650, 0],
		[78, "PAD24", "T", -850, 550, 0],
		[79, "PAD24", "B", -850, 550, 0],
		[80, "PAD25", "T", -850, 450, 0],
		[81, "PAD25", "B", -850, 450, 0],
		[82, "PAD26", "T", -850, 350, 0],
		[83, "PAD26", "B", -850, 350, 0],
		[84, "PAD27", "T", -850, 250, 0],
		[85, "PAD27", "B", -850, 250, 0],
		[86, "PAD28", "T", -850, 150, 0],
		[87, "PAD28", "B", -850, 150, 0],
		[88, "PAD29", "T", -850, 50, 0],
		[89, "PAD29", "B", -850, 50, 0],
		[90, "PAD30", "T", -850, -50, 0],
		[91, "PAD30", "B", -850, -50, 0],
		[92, "PAD31", "T", -750, 2050, 0],
		[93, "PAD31", "B", -750, 2050, 0],
		[94, "PAD32", "T", -750, 1950, 0],
		[95, "PAD32", "B", -750, 1950, 0],
		[96, "PAD33", "T", -750, 1850, 0],
		[97, "PAD33", "B", -750, 1850, 0],
		[98, "PAD34", "T", -750, 1750, 0],
		[99, "PAD34", "B", -750, 1750, 0],
		[100, "PAD35", "T", -750, 1650, 0],
		[101, "PAD35", "B", -750, 1650, 0],
		[102, "PAD36", "T", -750, 1550, 0],
		[103, "PAD36", "B", -750, 1550, 0],
		[104, "PAD37", "T", -750, 1450, 0],
		[105, "PAD37", "B", -750, 1450, 0],
		[106, "PAD38", "T", -750, 1350, 0],
		[107, "PAD38", "B", -750, 1350, 0],
		[108, "PAD39", "T", -750, 1250, 0],
		[109, "PAD39", "B", -750, 1250, 0],
		[110, "PAD40", "T", -750, 1050, 0],
		[111, "PAD40", "B", -750, 1050, 0],
		[112, "PAD41", "T", -750, 950, 0],
		[113, "PAD41", "B", -750, 950, 0],
		[114, "PAD42", "T", -750, 850, 0],
		[115, "PAD42", "B", -750, 850, 0],
		[116, "PAD43", "T", -750, 750, 0],
		[117, "PAD43", "B", -750, 750, 0],
		[118, "PAD44", "T", -750, 650, 0],
		[119, "PAD44", "B", -750, 650, 0],
		[120, "PAD45", "T", -750, 550, 0],
		[121, "PAD45", "B", -750, 550, 0],
		[122, "PAD46", "T", -750, 450, 0],
		[123, "PAD46", "B", -750, 450, 0],
		[124, "PAD47", "T", -750, 350, 0],
		[125, "PAD47", "B", -750, 350, 0],
		[126, "PAD48", "T", -750, 250, 0],
		[127, "PAD48", "B", -750, 250, 0],
		[128, "PAD49", "T", -750, 150, 0],
		[129, "PAD49", "B", -750, 150, 0],
		[130, "PAD50", "T", -750, 50, 0],
		[131, "PAD50", "B", -750, 50, 0],
		[132, "PAD51", "T", -750, -50, 0],
		[133, "PAD51", "B", -750, -50, 0],
		[134, "PAD52", "T", 750, 2050, 0],
		[135, "PAD52", "B", 750, 2050, 0],
		[136, "PAD53", "T", 750, 1950, 0],
		[137, "PAD53", "B", 750, 1950, 0],
		[138, "PAD54", "T", 750, 1850, 0],
		[139, "PAD54", "B", 750, 1850, 0],
		[140, "PAD55", "T", 750, 950, 0],
		[141, "PAD55", "B", 750, 950, 0],
		[142, "PAD56", "T", 750, 850, 0],
		[143, "PAD56", "B", 750, 850, 0],
		[144, "PAD57", "T", 750, 750, 0],
		[145, "PAD57", "B", 750, 750, 0],
		[146, "PAD58", "T", 750, 650, 0],
		[147, "PAD58", "B", 750, 650, 0],
		[148, "PAD59", "T", 750, 550, 0],
		[149, "PAD59", "B", 750, 550, 0],
		[150, "PAD60", "T", 750, 450, 0],
		[151, "PAD60", "B", 750, 450, 0],
		[152, "PAD61", "T", 750, 350, 0],
		[153, "PAD61", "B", 750, 350, 0],
		[154, "PAD62", "T", 750, 250, 0],
		[155, "PAD62", "B", 750, 250, 0],
		[156, "PAD63", "T", 750, 150, 0],
		[157, "PAD63", "B", 750, 150, 0],
		[158, "PAD64", "T", 750, 50, 0],
		[159, "PAD64", "B", 750, 50, 0],
		[160, "PAD65", "T", 750, -50, 0],
		[161, "PAD65", "B", 750, -50, 0],
		[162, "PAD66", "T", 850, 2050, 0],
		[163, "PAD66", "B", 850, 2050, 0],
		[164, "PAD67", "T", 850, 1950, 0],
		[165, "PAD67", "B", 850, 1950, 0],
		[166, "PAD68", "T", 850, 1850, 0],
		[167, "PAD68", "B", 850, 1850, 0],
		[168, "PAD69", "T", 850, 1750, 0],
		[169, "PAD69", "B", 850, 1750, 0],
		[170, "PAD70", "T", 850, 1650, 0],
		[171, "PAD70", "B", 850, 1650, 0],
		[172, "PAD71", "T", 850, 1550, 0],
		[173, "PAD71", "B", 850, 1550, 0],
		[174, "PAD72", "T", 850, 1450, 0],
		[175, "PAD72", "B", 850, 1450, 0],
		[176, "PAD73", "T", 850, 1350, 0],
		[177, "PAD73", "B", 850, 1350, 0],
		[178, "PAD74", "T", 850, 1250, 0],
		[179, "PAD74", "B", 850, 1250, 0],
		[180, "PAD75", "T", 850, 1150, 0],
		[181, "PAD75", "B", 850, 1150, 0],
		[182, "PAD76", "T", 850, 1050, 0],
		[183, "PAD76", "B", 850, 1050, 0],
		[184, "PAD77", "T", 850, 950, 0],
		[185, "PAD77", "B", 850, 950, 0],
		[186, "PAD78", "T", 850, 850, 0],
		[187, "PAD78", "B", 850, 850, 0],
		[188, "PAD79", "T", 850, 750, 0],
		[189, "PAD79", "B", 850, 750, 0],
		[190, "PAD80", "T", 850, 650, 0],
		[191, "PAD80", "B", 850, 650, 0],
		[192, "PAD81", "T", 850, 550, 0],
		[193, "PAD81", "B", 850, 550, 0],
		[194, "PAD82", "T", 850, 450, 0],
		[195, "PAD82", "B", 850, 450, 0],
		[196, "PAD83", "T", 850, 350, 0],
		[197, "PAD83", "B", 850, 350, 0],
		[198, "PAD84", "T", 850, 250, 0],
		[199, "PAD84", "B", 850, 250, 0],
		[200, "PAD85", "T", 850, 150, 0],
		[201, "PAD85", "B", 850, 150, 0],
		[202, "PAD86", "T", 850, 50, 0],
		[203, "PAD86", "B", 850, 50, 0],
		[204, "PAD87", "T", 850, -50, 0],
		[205, "PAD87", "B", 850, -50, 0],
		[206, "PAD88", "T", -665, 2486.35, 0],
		[207, "PAD89", "T", -665, 2403.65, 0],
		[208, "PAD90", "T", -777.355, 2558.22, 0],
		[209, "PAD91", "T", -777.695, 2721.54, 0],
		[210, "PAD92", "T", -862.645, 2558.2, 0],
		[211, "PAD93", "T", -862.345, 2721.8, 0],
		[212, "PAD94", "T", -777.355, 2293.22, 0],
		[213, "PAD95", "T", -777.695, 2456.54, 0],
		[214, "PAD96", "T", -862.645, 2293.2, 0],
		[215, "PAD97", "T", -862.345, 2456.8, 0],
		[216, "PAD98", "T", -344.49, 1060.195, 0],
		[217, "PAD99", "T", -344.49, 1010.195, 0],
		[218, "PAD100", "T", -344.49, 960.195, 0],
		[219, "PAD101", "T", -344.49, 910.195, 0],
		[220, "PAD102", "T", -344.49, 860.195, 0],
		[221, "PAD103", "T", -344.49, 810.195, 0],
		[222, "PAD104", "T", -344.49, 760.195, 0],
		[223, "PAD105", "T", -344.49, 710.195, 0],
		[224, "PAD106", "T", -344.49, 660.195, 0],
		[225, "PAD107", "T", -344.49, 610.195, 0],
		[226, "PAD108", "T", -344.49, 560.195, 0],
		[227, "PAD109", "T", -344.49, 510.195, 0],
		[228, "PAD110", "T", -344.49, 460.195, 0],
		[229, "PAD111", "T", -344.49, 410.195, 0],
		[230, "PAD112", "T", -275, 359.805, 0],
		[231, "PAD113", "T", -225, 359.805, 0],
		[232, "PAD114", "T", -175, 359.805, 0],
		[233, "PAD115", "T", -125, 359.805, 0],
		[234, "PAD116", "T", -75, 359.805, 0],
		[235, "PAD117", "T", -25, 359.805, 0],
		[236, "PAD118", "T", 25, 359.805, 0],
		[237, "PAD119", "T", 75, 359.805, 0],
		[238, "PAD120", "T", 125, 359.805, 0],
		[239, "PAD121", "T", 175, 359.805, 0],
		[240, "PAD122", "T", 225, 359.805, 0],
		[241, "PAD123", "T", 275, 360.985, 0],
		[242, "PAD124", "T", 344.49, 410.195, 0],
		[243, "PAD125", "T", 344.49, 460.195, 0],
		[244, "PAD126", "T", 344.49, 510.195, 0],
		[245, "PAD127", "T", 344.49, 610.195, 0],
		[246, "PAD128", "T", 344.49, 660.195, 0],
		[247, "PAD129", "T", 344.49, 710.195, 0],
		[248, "PAD130", "T", 344.49, 760.195, 0],
		[249, "PAD131", "T", 344.49, 810.195, 0],
		[250, "PAD132", "T", 344.49, 860.195, 0],
		[251, "PAD133", "T", 344.49, 910.195, 0],
		[252, "PAD134", "T", 344.49, 960.195, 0],
		[253, "PAD135", "T", 344.49, 1010.195, 0],
		[254, "PAD136", "T", 344.49, 1060.195, 0],
		[255, "PAD137", "T", -3.94, 701.135, 0],
		[256, "PAD138", "T", -59.06, 701.135, 0],
		[257, "PAD139", "T", -114.18, 701.135, 0],
		[258, "PAD140", "T", -114.18, 811.375, 0],
		[259, "PAD141", "T", -59.06, 811.375, 0],
		[260, "PAD142", "T", -3.94, 811.375, 0],
		[261, "PAD143", "T", -3.94, 756.255, 0],
		[262, "PAD144", "T", -114.18, 756.255, 0],
		[263, "PAD145", "T", -59.06, 756.255, 0],
		[264, "PAD146", "T", -45.18, 262.4, 0],
		[265, "PAD147", "T", -45.18, 225, 0],
		[266, "PAD148", "T", -45.18, 187.6, 0],
		[267, "PAD149", "T", 45.18, 262.4, 0],
		[268, "PAD150", "T", 750.47, 2784.45, 0],
		[269, "PAD151", "T", 770.16, 2784.45, 0],
		[270, "PAD152", "T", 789.84, 2784.45, 0],
		[271, "PAD153", "T", 809.53, 2784.45, 0],
		[272, "PAD154", "T", 814.45, 2759.84, 0],
		[273, "PAD155", "T", 814.45, 2740.16, 0],
		[274, "PAD156", "T", 809.53, 2715.55, 0],
		[275, "PAD157", "T", 770.16, 2715.55, 0],
		[276, "PAD158", "T", 750.47, 2715.55, 0],
		[277, "PAD159", "T", 829.55, 2861.61, 0],
		[278, "PAD160", "T", 829.55, 2887.21, 0],
		[279, "PAD161", "T", 829.55, 2912.8, 0],
		[280, "PAD162", "T", 829.55, 2938.39, 0],
		[281, "PAD163", "T", 730.45, 2938.39, 0],
		[282, "PAD164", "T", 730.45, 2912.8, 0],
		[283, "PAD165", "T", 730.45, 2887.21, 0],
		[284, "PAD166", "T", 730.45, 2861.61, 0],
		[285, "PAD167", "T", 913.777, 2939.194, 0],
		[286, "PAD168", "T", 886.217, 2939.194, 0],
		[287, "PAD169", "T", 886.217, 2862.783, 0],
		[288, "PAD170", "T", 913.777, 2860.814, 0],
		[289, "PAD171", "T", -150, 2481.1, 0],
		[290, "PAD171", "B", -150, 2481.1, 0],
		[291, "PAD172", "T", -50, 2481.1, 0],
		[292, "PAD172", "B", -50, 2481.1, 0],
		[293, "PAD173", "T", 50, 2481.1, 0],
		[294, "PAD173", "B", 50, 2481.1, 0],
		[295, "PAD174", "T", 150, 2481.1, 0],
		[296, "PAD174", "B", 150, 2481.1, 0],
		[297, "PAD175", "T", -576.77, -118.05, 0],
		[298, "PAD176", "T", -551.18, -118.05, 0],
		[299, "PAD177", "T", -525.59, -118.05, 0],
		[300, "PAD178", "T", -500, -118.05, 0],
		[301, "PAD179", "T", -474.41, -118.05, 0],
		[302, "PAD180", "T", -448.82, -118.05, 0],
		[303, "PAD181", "T", -423.23, -118.05, 0],
		[304, "PAD182", "T", -381.95, -76.77, 0],
		[305, "PAD183", "T", -381.95, -51.18, 0],
		[306, "PAD184", "T", -381.95, -25.59, 0],
		[307, "PAD185", "T", -381.95, 0, 0],
		[308, "PAD186", "T", -381.95, 25.59, 0],
		[309, "PAD187", "T", -381.95, 51.18, 0],
		[310, "PAD188", "T", -381.95, 76.77, 0],
		[311, "PAD189", "T", -474.41, 118.05, 0],
		[312, "PAD190", "T", -500, 118.05, 0],
		[313, "PAD191", "T", -525.59, 118.05, 0],
		[314, "PAD192", "T", -551.18, 118.05, 0],
		[315, "PAD193", "T", -576.77, 118.05, 0],
		[316, "PAD194", "T", -618.05, 76.77, 0],
		[317, "PAD195", "T", -618.05, 51.18, 0],
		[318, "PAD196", "T", -618.05, 25.59, 0],
		[319, "PAD197", "T", -618.05, 0, 0],
		[320, "PAD198", "T", -618.05, -25.59, 0],
		[321, "PAD199", "T", -618.05, -51.18, 0],
		[322, "PAD200", "T", -618.05, -76.77, 0],
		[323, "PAD201", "T", -500, 0, 0],
		[324, "PAD202", "T", 576.77, 118.05, 0],
		[325, "PAD203", "T", 551.18, 118.05, 0],
		[326, "PAD204", "T", 525.59, 118.05, 0],
		[327, "PAD205", "T", 500, 118.05, 0],
		[328, "PAD206", "T", 474.41, 118.05, 0],
		[329, "PAD207", "T", 448.82, 118.05, 0],
		[330, "PAD208", "T", 423.23, 118.05, 0],
		[331, "PAD209", "T", 381.95, 76.77, 0],
		[332, "PAD210", "T", 381.95, 51.18, 0],
		[333, "PAD211", "T", 381.95, 25.59, 0],
		[334, "PAD212", "T", 381.95, 0, 0],
		[335, "PAD213", "T", 381.95, -25.59, 0],
		[336, "PAD214", "T", 381.95, -51.18, 0],
		[337, "PAD215", "T", 381.95, -76.77, 0],
		[338, "PAD216", "T", 474.41, -118.05, 0],
		[339, "PAD217", "T", 500, -118.05, 0],
		[340, "PAD218", "T", 525.59, -118.05, 0],
		[341, "PAD219", "T", 551.18, -118.05, 0],
		[342, "PAD220", "T", 576.77, -118.05, 0],
		[343, "PAD221", "T", 618.05, -76.77, 0],
		[344, "PAD222", "T", 618.05, -51.18, 0],
		[345, "PAD223", "T", 618.05, -25.59, 0],
		[346, "PAD224", "T", 618.05, 0, 0],
		[347, "PAD225", "T", 618.05, 25.59, 0],
		[348, "PAD226", "T", 618.05, 51.18, 0],
		[349, "PAD227", "T", 618.05, 76.77, 0],
		[350, "PAD228", "T", 500, 0, 0],
		[351, "PAD229", "T", -125.99, 93.01, 0],
		[352, "PAD230", "T", -94.49, 93.01, 0],
		[353, "PAD231", "T", 125.98, 93.01, 0],
		[354, "PAD232", "T", 94.49, 93.01, 0],
		[355, "PAD233", "T", 68.9, 93.01, 0],
		[356, "PAD234", "T", 29.53, 93.01, 0],
		[357, "PAD235", "T", 9.84, 93.01, 0],
		[358, "PAD236", "T", -9.84, 93.01, 0],
		[359, "PAD237", "T", -29.53, 93.01, 0],
		[360, "PAD238", "T", -49.21, 93.01, 0],
		[361, "PAD239", "T", 170.08, -93.01, 0],
		[362, "PAD239", "B", 170.08, -93.01, 0],
		[363, "PAD240", "T", -170.08, -93.01, 0],
		[364, "PAD240", "B", -170.08, -93.01, 0],
		[365, "PAD241", "T", 170.08, 70.37, 0],
		[366, "PAD241", "B", 170.08, 70.37, 0],
		[367, "PAD242", "T", -170.08, 70.37, 0],
		[368, "PAD242", "B", -170.08, 70.37, 0],
		[369, "PAD243", "T", 0, 2750, 0],
		[370, "PAD244", "T", 134.84, 2825, 0],
		[371, "PAD245", "T", 134.84, 2725, 0],
		[372, "PAD246", "T", 134.84, 2675, 0],
		[373, "PAD247", "T", -134.84, 2675, 0],
		[374, "PAD248", "T", -134.84, 2725, 0],
		[375, "PAD249", "T", -134.84, 2775, 0],
		[376, "PAD250", "T", -223.42, 2775, 0],
		[377, "PAD251", "T", -223.42, 2725, 0],
		[378, "PAD252", "T", -223.42, 2675, 0],
		[379, "PAD253", "T", 223.42, 2675, 0],
		[380, "PAD254", "T", 223.42, 2725, 0],
		[381, "PAD255", "T", 223.42, 2825, 0],
		[382, "PAD256", "T", 352.56, 2945, 0],
		[383, "PAD257", "T", 297.44, 2945, 0],
		[384, "PAD258", "T", 352.56, 2875, 0],
		[385, "PAD259", "T", 297.44, 2875, 0],
		[386, "PAD260", "T", -522.44, 2720, 0],
		[387, "PAD261", "T", -577.56, 2720, 0],
		[388, "PAD262", "T", 497.44, 2945, 0],
		[389, "PAD263", "T", 552.56, 2945, 0],
		[390, "PAD264", "T", 497.44, 2875, 0],
		[391, "PAD265", "T", 552.56, 2875, 0],
		[392, "PAD266", "T", 497.44, 2805, 0],
		[393, "PAD267", "T", 552.56, 2805, 0],
		[394, "PAD268", "T", 352.56, 2805, 0],
		[395, "PAD269", "T", 297.44, 2805, 0],
		[396, "PAD270", "T", 352.56, 2735, 0],
		[397, "PAD271", "T", 297.44, 2735, 0],
		[398, "PAD272", "T", -577.56, 2650, 0],
		[399, "PAD273", "T", -522.44, 2650, 0],
		[400, "PAD274", "T", -577.56, 2580, 0],
		[401, "PAD275", "T", -522.44, 2580, 0],
		[402, "PAD276", "T", -390.34, 1330, 0],
		[403, "PAD277", "T", -449.66, 1330, 0],
		[404, "PAD278", "T", -70.34, 145, 0],
		[405, "PAD279", "T", -129.66, 145, 0],
		[406, "PAD280", "T", 70.34, 145, 0],
		[407, "PAD281", "T", 129.66, 145, 0],
		[408, "PAD282", "T", -645.34, 2260, 0],
		[409, "PAD283", "T", -704.66, 2260, 0],
		[410, "PAD284", "T", -645.34, 2200, 0],
		[411, "PAD285", "T", -704.66, 2200, 0],
		[412, "PAD286", "T", 474.66, 410, 0],
		[413, "PAD287", "T", 415.34, 410, 0],
		[414, "PAD288", "T", 474.66, 350, 0],
		[415, "PAD289", "T", 415.34, 350, 0],
		[416, "PAD290", "T", -704.66, 2140, 0],
		[417, "PAD291", "T", -645.34, 2140, 0]
	]
},
"pins": {
	"fields": ["PIN_NO", "PIN_NAME", "PIN_X", "PIN_Y", "LAYER", "PIN_TYPE", "NET_NAME", "NET_TYPE", "PAD_SHAPE", "PAD_SIZEX", "PAD_SIZEY", "HOLE_SIZE", "HOLE_LEN", "PAD_ANGLE"],
	"rows": [
		[1, "C1_1", 297.44, 2945, "T", "SMD", "+3V3", "", "R", 31.496, 35.433, 0, 0, 0],
		[2, "C1_2", 352.56, 2945, "T", "SMD", "GND", "GND", "R", 31.496, 35.433, 0, 0, 0],
		[3, "C2_1", 297.44, 2875, "T", "SMD", "+3V3", "", "R", 31.496, 35.433, 0, 0, 0],
		[4, "C2_2", 352.56, 2875, "T", "SMD", "GND", "GND", "R", 31.496, 35.433, 0, 0, 0],
		[5, "C3_1", -577.56, 2720, "T", "SMD", "EN", "", "R", 31.496, 35.433, 0, 0, 0],
		[6, "C3_2", -522.44, 2720, "T", "SMD", "GND", "GND", "R", 31.496, 35.433, 0, 0, 0],
		[7, "C4_1", 552.56, 2945, "T", "SMD", "+5V", "", "R", 31.496, 35.433, 0, 0, 180],
		[8, "C4_2", 497.44, 2945, "T", "SMD", "GND", "GND", "R", 31.496, 35.433, 0, 0, 180],
		[9, "C5_1", 552.56, 2875, "T", "SMD", "+5V", "", "R", 31.496, 35.433, 0, 0, 180],
		[10, "C5_2", 497.44, 2875, "T", "SMD", "GND", "GND", "R", 31.496, 35.433, 0, 0, 180],
		[11, "C6_1", 552.56, 2805, "T", "SMD", "+5V", "", "R", 31.496, 35.433, 0, 0, 180],
		[12, "C6_2", 497.44, 2805, "T", "SMD", "GND", "GND", "R", 31.496, 35.433, 0, 0, 180],
		[13, "C7_1", 297.44, 2805, "T", "SMD", "+3V3", "", "R", 31.496, 35.433, 0, 0, 0],
		[14, "C7_2", 352.56, 2805, "T", "SMD", "GND", "GND", "R", 31.496, 35.433, 0, 0, 0],
		[15, "C8_1", 297.44, 2735, "T", "SMD", "+3V3", "", "R", 31.496, 35.433, 0, 0, 0],
		[16, "C8_2", 352.56, 2735, "T", "SMD", "GND", "GND", "R", 31.496, 35.433, 0, 0, 0],
		[17, "C9_1", -522.44, 2650, "T", "SMD", "GND", "GND", "R", 31.496, 35.433, 0, 0, 180],
		[18, "C9_2", -577.56, 2650, "T", "SMD", "EN", "", "R", 31.496, 35.433, 0, 0, 180],
		[19, "C10_1", -522.44, 2580, "T", "SMD", "GND", "GND", "R", 31.496, 35.433, 0, 0, 180],
		[20, "C10_2", -577.56, 2580, "T", "SMD", "BOOT", "", "R", 31.496, 35.433, 0, 0, 180],
		[21, "D1_1", -459.525, 325, "T", "SMD", "GND", "GND", "R", 23.622, 15.748, 0, 0, 0],
		[22, "D1_2", -400.475, 325, "T", "SMD", "D-", "", "R", 23.622, 15.748, 0, 0, 180],
		[23, "D2_1", -414.525, 260, "T", "SMD", "GND", "GND", "R", 23.622, 15.748, 0, 0, 0],
		[24, "D2_2", -355.475, 260, "T", "SMD", "D+", "", "R", 23.622, 15.748, 0, 0, 180],
		[25, "D3_1", 224.525, 190, "T", "SMD", "GND", "GND", "R", 23.622, 15.748, 0, 0, 180],
		[26, "D3_2", 165.475, 190, "T", "SMD", "VBUS", "", "R", 23.622, 15.748, 0, 0, 0],
		[27, "D4_1", 284.374, 255, "T", "SMD", "+5V", "", "R", 35.827, 48.031, 0, 0, 180],
		[28, "D4_2", 155.626, 255, "T", "SMD", "VBUS", "", "R", 35.827, 48.031, 0, 0, 180],
		[29, "H1_1", -850, 2050, "T", "DIP", "GND", "GND", "R", 62.992, 62.992, 41.338, 41.338, 270],
		[30, "H1_1", -850, 2050, "B", "DIP", "GND", "GND", "R", 62.992, 62.992, 41.338, 41.338, 270],
		[31, "H1_2", -850, 1950, "T", "DIP", "+5V", "", "C", 62.992, 62.992, 41.338, 41.338, 270],
		[32, "H1_2", -850, 1950, "B", "DIP", "+5V", "", "C", 62.992, 62.992, 41.338, 41.338, 270],
		[33, "H1_3", -850, 1850, "T", "DIP", "+3V3", "", "C", 62.992, 62.992, 41.338, 41.338, 270],
		[34, "H1_3", -850, 1850, "B", "DIP", "+3V3", "", "C", 62.992, 62.992, 41.338, 41.338, 270],
		[35, "H1_4", -850, 1750, "T", "DIP", "GPA0", "", "C", 62.992, 62.992, 41.338, 41.338, 270],
		[36, "H1_4", -850, 1750, "B", "DIP", "GPA0", "", "C", 62.992, 62.992, 41.338, 41.338, 270],
		[37, "H1_5", -850, 1650, "T", "DIP", "GPA1", "", "C", 62.992, 62.992, 41.338, 41.338, 270],
		[38, "H1_5", -850, 1650, "B", "DIP", "GPA1", "", "C", 62.992, 62.992, 41.338, 41.338, 270],
		[39, "H1_6", -850, 1550, "T", "DIP", "GPA2", "", "C", 62.992, 62.992, 41.338, 41.338, 270],
		[40, "H1_6", -850, 1550, "B", "DIP", "GPA2", "", "C", 62.992, 62.992, 41.338, 41.338, 270],
		[41, "H1_7", -850, 1450, "T", "DIP", "GPA3", "", "C", 62.992, 62.992, 41.338, 41.338, 270],
		[42, "H1_7", -850, 1450, "B", "DIP", "GPA3", "", "C", 62.992, 62.992, 41.338, 41.338, 270],
		[43, "H1_8", -850, 1350, "T", "DIP", "GPA4", "", "C", 62.992, 62.992, 41.338, 41.338, 270],
		[44, "H1_8", -850, 1350, "B", "DIP", "GPA4", "", "C", 62.992, 62.992, 41.338, 41.338, 270],
		[45, "H1_9", -850, 1250, "T", "DIP", "GPA5", "", "C", 62.992, 62.992, 41.338, 41.338, 270],
		[46, "H1_9", -850, 1250, "B", "DIP", "GPA5", "", "C", 62.992, 62.992, 41.338, 41.338, 270],
		[47, "H1_10", -850, 1150, "T", "DIP", "GPA6", "", "C", 62.992, 62.992, 41.338, 41.338, 270],
		[48, "H1_10", -850, 1150, "B", "DIP", "GPA6", "", "C", 62.992, 62.992, 41.338, 41.338, 270],
		[49, "H1_11", -850, 1050, "T", "DIP", "GPA7", "", "C", 62.992, 62.992, 41.338, 41.338, 270],
		[50, "H1_11", -850, 1050, "B", "DIP", "GPA7", "", "C", 62.992, 62.992, 41.338, 41.338, 270],
		[51, "H1_12", -850, 950, "T", "DIP", "GPB0", "", "C", 62.992, 62.992, 41.338, 41.338, 270],
		[52, "H1_12", -850, 950, "B", "DIP", "GPB0", "", "C", 62.992, 62.992, 41.338, 41.338, 270],
		[53, "H1_13", -850, 850, "T", "DIP", "GPB1", "", "C", 62.992, 62.992, 41.338, 41.338, 270],
		[54, "H1_13", -850, 850, "B", "DIP", "GPB1", "", "C", 62.992, 62.992, 41.338, 41.338, 270],
		[55, "H1_14", -850, 750, "T", "DIP", "GPB2", "", "C", 62.992, 62.992, 41.338, 41.338, 270],
		[56, "H1_14", -850, 750, "B", "DIP", "GPB2", "", "C", 62.992, 62.992, 41.338, 41.338, 270],
		[57, "H1_15", -850, 650, "T", "DIP", "GPB3", "", "C", 62.992, 62.992, 41.338, 41.338, 270],
		[58, "H1_15", -850, 650, "B", "DIP", "GPB3", "", "C", 62.992, 62.992, 41.338, 41.338, 270],
		[59, "H1_16", -850, 550, "T", "DIP", "GPB4", "", "C", 62.992, 62.992, 41.338, 41.338, 270],
		[60, "H1_16", -850, 550, "B", "DIP", "GPB4", "", "C", 62.992, 62.992, 41.338, 41.338, 270],
		[61, "H1_17", -850, 450, "T", "DIP", "GPB5", "", "C", 62.992, 62.992, 41.338, 41.338, 270],
		[62, "H1_17", -850, 450, "B", "DIP", "GPB5", "", "C", 62.992, 62.992, 41.338, 41.338, 270],
		[63, "H1_18", -850, 350, "T", "DIP", "GPB6", "", "C", 62.992, 62.992, 41.338, 41.338, 270],
		[64, "H1_18", -850, 350, "B", "DIP", "GPB6", "", "C", 62.992, 62.992, 41.338, 41.338, 270],
		[65, "H1_19", -850, 250, "T", "DIP", "GPB7", "", "C", 62.992, 62.992, 41.338, 41.338, 270],
		[66, "H1_19", -850, 250, "B", "DIP", "GPB7", "", "C", 62.992, 62.992, 41.338, 41.338, 270],
		[67, "H1_20", -850, 150, "T", "DIP", "+3V3", "", "C", 62.992, 62.992, 41.338, 41.338, 270],
		[68, "H1_20", -850, 150, "B", "DIP", "+3V3", "", "C", 62.992, 62.992, 41.338, 41.338, 270],
		[69, "H1_21", -850, 50, "T", "DIP", "+5V", "", "C", 62.992, 62.992, 41.338, 41.338, 270],
		[70, "H1_21", -850, 50, "B", "DIP", "+5V", "", "C", 62.992, 62.992, 41.338, 41.338, 270],
		[71, "H1_22", -850, -50, "T", "DIP", "GND", "GND", "R", 62.992, 62.992, 41.338, 41.338, 270],
		[72, "H1_22", -850, -50, "B", "DIP", "GND", "GND", "R", 62.992, 62.992, 41.338, 41.338, 270],
		[73, "H2_1", -750, 2050, "T", "DIP", "GND", "GND", "R", 62.992, 62.992, 41.338, 41.338, 270],
		[74, "H2_1", -750, 2050, "B", "DIP", "GND", "GND", "R", 62.992, 62.992, 41.338, 41.338, 270],
		[75, "H2_2", -750, 1950, "T", "DIP", "LRTJ", "", "C", 62.992, 62.992, 41.338, 41.338, 270],
		[76, "H2_2", -750, 1950, "B", "DIP", "LRTJ", "", "C", 62.992, 62.992, 41.338, 41.338, 270],
		[77, "H2_3", -750, 1850, "T", "DIP", "TBLJ", "", "C", 62.992, 62.992, 41.338, 41.338, 270],
		[78, "H2_3", -750, 1850, "B", "DIP", "TBLJ", "", "C", 62.992, 62.992, 41.338, 41.338, 270],
		[79, "H2_4", -750, 1750, "T", "DIP", "MTCK", "", "C", 62.992, 62.992, 41.338, 41.338, 270],
		[80, "H2_4", -750, 1750, "B", "DIP", "MTCK", "", "C", 62.992, 62.992, 41.338, 41.338, 270],
		[81, "H2_5", -750, 1650, "T", "DIP", "MTDO", "", "C", 62.992, 62.992, 41.338, 41.338, 270],
		[82, "H2_5", -750, 1650, "B", "DIP", "MTDO", "", "C", 62.992, 62.992, 41.338, 41.338, 270],
		[83, "H2_6", -750, 1550, "T", "DIP", "MTDI", "", "C", 62.992, 62.992, 41.338, 41.338, 270],
		[84, "H2_6", -750, 1550, "B", "DIP", "MTDI", "", "C", 62.992, 62.992, 41.338, 41.338, 270],
		[85, "H2_7", -750, 1450, "T", "DIP", "MTMS", "", "C", 62.992, 62.992, 41.338, 41.338, 270],
		[86, "H2_7", -750, 1450, "B", "DIP", "MTMS", "", "C", 62.992, 62.992, 41.338, 41.338, 270],
		[87, "H2_8", -750, 1350, "T", "DIP", "RX", "", "C", 62.992, 62.992, 41.338, 41.338, 270],
		[88, "H2_8", -750, 1350, "B", "DIP", "RX", "", "C", 62.992, 62.992, 41.338, 41.338, 270],
		[89, "H2_9", -750, 1250, "T", "DIP", "TX", "", "C", 62.992, 62.992, 41.338, 41.338, 270],
		[90, "H2_9", -750, 1250, "B", "DIP", "TX", "", "C", 62.992, 62.992, 41.338, 41.338, 270],
		[91, "H2_10", -750, 1150, "T", "DIP", "NET_1", "", "C", 62.992, 62.992, 41.338, 41.338, 270],
		[92, "H2_10", -750, 1150, "B", "DIP", "NET_1", "", "C", 62.992, 62.992, 41.338, 41.338, 270],
		[93, "H2_11", -750, 1050, "T", "DIP", "EN", "", "C", 62.992, 62.992, 41.338, 41.338, 270],
		[94, "H2_11", -750, 1050, "B", "DIP", "EN", "", "C", 62.992, 62.992, 41.338, 41.338, 270],
		[95, "H2_12", -750, 950, "T", "DIP", "GPIO4", "", "C", 62.992, 62.992, 41.338, 41.338, 270],
		[96, "H2_12", -750, 950, "B", "DIP", "GPIO4", "", "C", 62.992, 62.992, 41.338, 41.338, 270],
		[97, "H2_13", -750, 850, "T", "DIP", "GPIO5", "", "C", 62.992, 62.992, 41.338, 41.338, 270],
		[98, "H2_13", -750, 850, "B", "DIP", "GPIO5", "", "C", 62.992, 62.992, 41.338, 41.338, 270],
		[99, "H2_14", -750, 750, "T", "DIP", "GPIO6", "", "C", 62.992, 62.992, 41.338, 41.338, 270],
		[100, "H2_14", -750, 750, "B", "DIP", "GPIO6", "", "C", 62.992, 62.992, 41.338, 41.338, 270],
		[101, "H2_15", -750, 650, "T", "DIP", "GPIO7", "", "C", 62.992, 62.992, 41.338, 41.338, 270],
		[102, "H2_15", -750, 650, "B", "DIP", "GPIO7", "", "C", 62.992, 62.992, 41.338, 41.338, 270],
		[103, "H2_16", -750, 550, "T", "DIP", "GPIO8", "", "C", 62.992, 62.992, 41.338, 41.338, 270],
		[104, "H2_16", -750, 550, "B", "DIP", "GPIO8", "", "C", 62.992, 62.992, 41.338, 41.338, 270],
		[105, "H2_17", -750, 450, "T", "DIP", "GPIO9", "", "C", 62.992, 62.992, 41.338, 41.338, 270],
		[106, "H2_17", -750, 450, "B", "DIP", "GPIO9", "", "C", 62.992, 62.992, 41.338, 41.338, 270],
		[107, "H2_18", -750, 350, "T", "DIP", "GPIO10", "", "C", 62.992, 62.992, 41.338, 41.338, 270],
		[108, "H2_18", -750, 350, "B", "DIP", "GPIO10", "", "C", 62.992, 62.992, 41.338, 41.338, 270],
		[109, "H2_19", -750, 250, "T", "DIP", "GPIO11", "", "C", 62.992, 62.992, 41.338, 41.338, 270],
		[110, "H2_19", -750, 250, "B", "DIP", "GPIO11", "", "C", 62.992, 62.992, 41.338, 41.338, 270],
		[111, "H2_20", -750, 150, "T", "DIP", "TBLJ", "", "C", 62.992, 62.992, 41.338, 41.338, 270],
		[112, "H2_20", -750, 150, "B", "DIP", "TBLJ", "", "C", 62.992, 62.992, 41.338, 41.338, 270],
		[113, "H2_21", -750, 50, "T", "DIP", "LRBJ", "", "C", 62.992, 62.992, 41.338, 41.338, 270],
		[114, "H2_21", -750, 50, "B", "DIP", "LRBJ", "", "C", 62.992, 62.992, 41.338, 41.338, 270],
		[115, "H2_22", -750, -50, "T", "DIP", "GND", "GND", "R", 62.992, 62.992, 41.338, 41.338, 270],
		[116, "H2_22", -750, -50, "B", "DIP", "GND", "GND", "R", 62.992, 62.992, 41.338, 41.338, 270],
		[117, "H3_1", 750, 2050, "T", "DIP", "GND", "GND", "R", 62.992, 62.992, 41.338, 41.338, 270],
		[118, "H3_1", 750, 2050, "B", "DIP", "GND", "GND", "R", 62.992, 62.992, 41.338, 41.338, 270],
		[119, "H3_2", 750, 1950, "T", "DIP", "LRTJ", "", "C", 62.992, 62.992, 41.338, 41.338, 270],
		[120, "H3_2", 750, 1950, "B", "DIP", "LRTJ", "", "C", 62.992, 62.992, 41.338, 41.338, 270],
		[121, "H3_3", 750, 1850, "T", "DIP", "TBRJ", "", "C", 62.992, 62.992, 41.338, 41.338, 270],
		[122, "H3_3", 750, 1850, "B", "DIP", "TBRJ", "", "C", 62.992, 62.992, 41.338, 41.338, 270],
		[123, "H3_4", 750, 1750, "T", "DIP", "NET_2", "", "C", 62.992, 62.992, 41.338, 41.338, 270],
		[124, "H3_4", 750, 1750, "B", "DIP", "NET_2", "", "C", 62.992, 62.992, 41.338, 41.338, 270],
		[125, "H3_5", 750, 1650, "T", "DIP", "NET_3", "", "C", 62.992, 62.992, 41.338, 41.338, 270],
		[126, "H3_5", 750, 1650, "B", "DIP", "NET_3", "", "C", 62.992, 62.992, 41.338, 41.338, 270],
		[127, "H3_6", 750, 1550, "T", "DIP", "NET_4", "", "C", 62.992, 62.992, 41.338, 41.338, 270],
		[128, "H3_6", 750, 1550, "B", "DIP", "NET_4", "", "C", 62.992, 62.992, 41.338, 41.338, 270],
		[129, "H3_7", 750, 1450, "T", "DIP", "NET_5", "", "C", 62.992, 62.992, 41.338, 41.338, 270],
		[130, "H3_7", 750, 1450, "B", "DIP", "NET_5", "", "C", 62.992, 62.992, 41.338, 41.338, 270],
		[131, "H3_8", 750, 1350, "T", "DIP", "NET_6", "", "C", 62.992, 62.992, 41.338, 41.338, 270],
		[132, "H3_8", 750, 1350, "B", "DIP", "NET_6", "", "C", 62.992, 62.992, 41.338, 41.338, 270],
		[133, "H3_9", 750, 1250, "T", "DIP", "NET_7", "", "C", 62.992, 62.992, 41.338, 41.338, 270],
		[134, "H3_9", 750, 1250, "B", "DIP", "NET_7", "", "C", 62.992, 62.992, 41.338, 41.338, 270],
		[135, "H3_10", 750, 1150, "T", "DIP", "NET_8", "", "C", 62.992, 62.992, 41.338, 41.338, 270],
		[136, "H3_10", 750, 1150, "B", "DIP", "NET_8", "", "C", 62.992, 62.992, 41.338, 41.338, 270],
		[137, "H3_11", 750, 1050, "T", "DIP", "NET_9", "", "C", 62.992, 62.992, 41.338, 41.338, 270],
		[138, "H3_11", 750, 1050, "B", "DIP", "NET_9", "", "C", 62.992, 62.992, 41.338, 41.338, 270],
		[139, "H3_12", 750, 950, "T", "DIP", "GPIO12", "", "C", 62.992, 62.992, 41.338, 41.338, 270],
		[140, "H3_12", 750, 950, "B", "DIP", "GPIO12", "", "C", 62.992, 62.992, 41.338, 41.338, 270],
		[141, "H3_13", 750, 850, "T", "DIP", "GPIO13", "", "C", 62.992, 62.992, 41.338, 41.338, 270],
		[142, "H3_13", 750, 850, "B", "DIP", "GPIO13", "", "C", 62.992, 62.992, 41.338, 41.338, 270],
		[143, "H3_14", 750, 750, "T", "DIP", "GPIO14", "", "C", 62.992, 62.992, 41.338, 41.338, 270],
		[144, "H3_14", 750, 750, "B", "DIP", "GPIO14", "", "C", 62.992, 62.992, 41.338, 41.338, 270],
		[145, "H3_15", 750, 650, "T", "DIP", "GPIO15", "", "C", 62.992, 62.992, 41.338, 41.338, 270],
		[146, "H3_15", 750, 650, "B", "DIP", "GPIO15", "", "C", 62.992, 62.992, 41.338, 41.338, 270],
		[147, "H3_16", 750, 550, "T", "DIP", "GPIO16", "", "C", 62.992, 62.992, 41.338, 41.338, 270],
		[148, "H3_16", 750, 550, "B", "DIP", "GPIO16", "", "C", 62.992, 62.992, 41.338, 41.338, 270],
		[149, "H3_17", 750, 450, "T", "DIP", "GPIO17", "", "C", 62.992, 62.992, 41.338, 41.338, 270],
		[150, "H3_17", 750, 450, "B", "DIP", "GPIO17", "", "C", 62.992, 62.992, 41.338, 41.338, 270],
		[151, "H3_18", 750, 350, "T", "DIP", "GPIO18", "", "C", 62.992, 62.992, 41.338, 41.338, 270],
		[152, "H3_18", 750, 350, "B", "DIP", "GPIO18", "", "C", 62.992, 62.992, 41.338, 41.338, 270],
		[153, "H3_19", 750, 250, "T", "DIP", "GPIO21", "", "C", 62.992, 62.992, 41.338, 41.338, 270],
		[154, "H3_19", 750, 250, "B", "DIP", "GPIO21", "", "C", 62.992, 62.992, 41.338, 41.338, 270],
		[155, "H3_20", 750, 150, "T", "DIP", "TBRJ", "", "C", 62.992, 62.992, 41.338, 41.338, 270],
		[156, "H3_20", 750, 150, "B", "DIP", "TBRJ", "", "C", 62.992, 62.992, 41.338, 41.338, 270],
		[157, "H3_21", 750, 50, "T", "DIP", "LRBJ", "", "C", 62.992, 62.992, 41.338, 41.338, 270],
		[158, "H3_21", 750, 50, "B", "DIP", "LRBJ", "", "C", 62.992, 62.992, 41.338, 41.338, 270],
		[159, "H3_22", 750, -50, "T", "DIP", "GND", "GND", "R", 62.992, 62.992, 41.338, 41.338, 270],
		[160, "H3_22", 750, -50, "B", "DIP", "GND", "GND", "R", 62.992, 62.992, 41.338, 41.338, 270],
		[161, "H4_1", 850, 2050, "T", "DIP", "GND", "GND", "R", 62.992, 62.992, 41.338, 41.338, 270],
		[162, "H4_1", 850, 2050, "B", "DIP", "GND", "GND", "R", 62.992, 62.992, 41.338, 41.338, 270],
		[163, "H4_2", 850, 1950, "T", "DIP", "+5V", "", "C", 62.992, 62.992, 41.338, 41.338, 270],
		[164, "H4_2", 850, 1950, "B", "DIP", "+5V", "", "C", 62.992, 62.992, 41.338, 41.338, 270],
		[165, "H4_3", 850, 1850, "T", "DIP", "+3V3", "", "C", 62.992, 62.992, 41.338, 41.338, 270],
		[166, "H4_3", 850, 1850, "B", "DIP", "+3V3", "", "C", 62.992, 62.992, 41.338, 41.338, 270],
		[167, "H4_4", 850, 1750, "T", "DIP", "GPC0", "", "C", 62.992, 62.992, 41.338, 41.338, 270],
		[168, "H4_4", 850, 1750, "B", "DIP", "GPC0", "", "C", 62.992, 62.992, 41.338, 41.338, 270],
		[169, "H4_5", 850, 1650, "T", "DIP", "GPC1", "", "C", 62.992, 62.992, 41.338, 41.338, 270],
		[170, "H4_5", 850, 1650, "B", "DIP", "GPC1", "", "C", 62.992, 62.992, 41.338, 41.338, 270],
		[171, "H4_6", 850, 1550, "T", "DIP", "GPC2", "", "C", 62.992, 62.992, 41.338, 41.338, 270],
		[172, "H4_6", 850, 1550, "B", "DIP", "GPC2", "", "C", 62.992, 62.992, 41.338, 41.338, 270],
		[173, "H4_7", 850, 1450, "T", "DIP", "GPC3", "", "C", 62.992, 62.992, 41.338, 41.338, 270],
		[174, "H4_7", 850, 1450, "B", "DIP", "GPC3", "", "C", 62.992, 62.992, 41.338, 41.338, 270],
		[175, "H4_8", 850, 1350, "T", "DIP", "GPC4", "", "C", 62.992, 62.992, 41.338, 41.338, 270],
		[176, "H4_8", 850, 1350, "B", "DIP", "GPC4", "", "C", 62.992, 62.992, 41.338, 41.338, 270],
		[177, "H4_9", 850, 1250, "T", "DIP", "GPC5", "", "C", 62.992, 62.992, 41.338, 41.338, 270],
		[178, "H4_9", 850, 1250, "B", "DIP", "GPC5", "", "C", 62.992, 62.992, 41.338, 41.338, 270],
		[179, "H4_10", 850, 1150, "T", "DIP", "GPC6", "", "C", 62.992, 62.992, 41.338, 41.338, 270],
		[180, "H4_10", 850, 1150, "B", "DIP", "GPC6", "", "C", 62.992, 62.992, 41.338, 41.338, 270],
		[181, "H4_11", 850, 1050, "T", "DIP", "GPC7", "", "C", 62.992, 62.992, 41.338, 41.338, 270],
		[182, "H4_11", 850, 1050, "B", "DIP", "GPC7", "", "C", 62.992, 62.992, 41.338, 41.338, 270],
		[183, "H4_12", 850, 950, "T", "DIP", "GPD0", "", "C", 62.992, 62.992, 41.338, 41.338, 270],
		[184, "H4_12", 850, 950, "B", "DIP", "GPD0", "", "C", 62.992, 62.992, 41.338, 41.338, 270],
		[185, "H4_13", 850, 850, "T", "DIP", "GPD1", "", "C", 62.992, 62.992, 41.338, 41.338, 270],
		[186, "H4_13", 850, 850, "B", "DIP", "GPD1", "", "C", 62.992, 62.992, 41.338, 41.338, 270],
		[187, "H4_14", 850, 750, "T", "DIP", "GPD2", "", "C", 62.992, 62.992, 41.338, 41.338, 270],
		[188, "H4_14", 850, 750, "B", "DIP", "GPD2", "", "C", 62.992, 62.992, 41.338, 41.338, 270],
		[189, "H4_15", 850, 650, "T", "DIP", "GPD3", "", "C", 62.992, 62.992, 41.338, 41.338, 270],
		[190, "H4_15", 850, 650, "B", "DIP", "GPD3", "", "C", 62.992, 62.992, 41.338, 41.338, 270],
		[191, "H4_16", 850, 550, "T", "DIP", "GPD4", "", "C", 62.992, 62.992, 41.338, 41.338, 270],
		[192, "H4_16", 850, 550, "B", "DIP", "GPD4", "", "C", 62.992, 62.992, 41.338, 41.338, 270],
		[193, "H4_17", 850, 450, "T", "DIP", "GPD5", "", "C", 62.992, 62.992, 41.338, 41.338, 270],
		[194, "H4_17", 850, 450, "B", "DIP", "GPD5", "", "C", 62.992, 62.992, 41.338, 41.338, 270],
		[195, "H4_18", 850, 350, "T", "DIP", "GPD6", "", "C", 62.992, 62.992, 41.338, 41.338, 270],
		[196, "H4_18", 850, 350, "B", "DIP", "GPD6", "", "C", 62.992, 62.992, 41.338, 41.338, 270],
		[197, "H4_19", 850, 250, "T", "DIP", "GPD7", "", "C", 62.992, 62.992, 41.338, 41.338, 270],
		[198, "H4_19", 850, 250, "B", "DIP", "GPD7", "", "C", 62.992, 62.992, 41.338, 41.338, 270],
		[199, "H4_20", 850, 150, "T", "DIP", "+3V3", "", "C", 62.992, 62.992, 41.338, 41.338, 270],
		[200, "H4_20", 850, 150, "B", "DIP", "+3V3", "", "C", 62.992, 62.992, 41.338, 41.338, 270],
		[201, "H4_21", 850, 50, "T", "DIP", "+5V", "", "C", 62.992, 62.992, 41.338, 41.338, 270],
		[202, "H4_21", 850, 50, "B", "DIP", "+5V", "", "C", 62.992, 62.992, 41.338, 41.338, 270],
		[203, "H4_22", 850, -50, "T", "DIP", "GND", "GND", "R", 62.992, 62.992, 41.338, 41.338, 270],
		[204, "H4_22", 850, -50, "B", "DIP", "GND", "GND", "R", 62.992, 62.992, 41.338, 41.338, 270],
		[205, "LED1_1", -665, 2403.65, "T", "SMD", "PWRLED", "", "R", 39.37, 55.1, 0, 0, 90],
		[206, "LED1_2", -665, 2486.35, "T", "SMD", "GND", "GND", "R", 39.37, 55.1, 0, 0, 90],
		[207, "R2_1", -449.66, 1330, "T", "SMD", "EN", "", "R", 31.751, 34.016, 0, 0, 0],
		[208, "R2_2", -390.34, 1330, "T", "SMD", "+3V3", "", "R", 31.751, 34.016, 0, 0, 0],
		[209, "R3_1", -129.66, 145, "T", "SMD", "GND", "GND", "R", 31.751, 34.016, 0, 0, 0],
		[210, "R3_2", -70.34, 145, "T", "SMD", "CC1", "", "R", 31.751, 34.016, 0, 0, 0],
		[211, "R4_1", 129.66, 145, "T", "SMD", "GND", "GND", "R", 31.751, 34.016, 0, 0, 180],
		[212, "R4_2", 70.34, 145, "T", "SMD", "CC2", "", "R", 31.751, 34.016, 0, 0, 180],
		[213, "R5_1", -704.66, 2260, "T", "SMD", "+3V3", "", "R", 31.751, 34.016, 0, 0, 0],
		[214, "R5_2", -645.34, 2260, "T", "SMD", "PWRLED", "", "R", 31.751, 34.016, 0, 0, 0],
		[215, "R6_1", -704.66, 2200, "T", "SMD", "+3V3", "", "R", 31.751, 34.016, 0, 0, 0],
		[216, "R6_2", -645.34, 2200, "T", "SMD", "EN", "", "R", 31.751, 34.016, 0, 0, 0],
		[217, "R7_1", 415.34, 410, "T", "SMD", "BOOT", "", "R", 31.751, 34.016, 0, 0, 0],
		[218, "R7_2", 474.66, 410, "T", "SMD", "+3V3", "", "R", 31.751, 34.016, 0, 0, 0],
		[219, "R8_1", 415.34, 350, "T", "SMD", "SCL", "", "R", 31.751, 34.016, 0, 0, 0],
		[220, "R8_2", 474.66, 350, "T", "SMD", "+3V3", "", "R", 31.751, 34.016, 0, 0, 0],
		[221, "R9_1", -645.34, 2140, "T", "SMD", "SDA", "", "R", 31.751, 34.016, 0, 0, 180],
		[222, "R9_2", -704.66, 2140, "T", "SMD", "+3V3", "", "R", 31.751, 34.016, 0, 0, 180],
		[223, "SW1_1", -862.645, 2558.2, "T", "SMD", "GND", "GND", "R", 47.244, 25.591, 0, 0, 90],
		[224, "SW1_2", -862.345, 2721.8, "T", "SMD", "GND", "GND", "R", 47.244, 25.591, 0, 0, 90],
		[225, "SW1_3", -777.355, 2558.22, "T", "SMD", "EN", "", "R", 47.244, 25.591, 0, 0, 90],
		[226, "SW1_4", -777.695, 2721.54, "T", "SMD", "EN", "", "R", 47.244, 25.591, 0, 0, 90],
		[227, "SW2_1", -862.645, 2293.2, "T", "SMD", "GND", "GND", "R", 47.244, 25.591, 0, 0, 90],
		[228, "SW2_2", -862.345, 2456.8, "T", "SMD", "GND", "GND", "R", 47.244, 25.591, 0, 0, 90],
		[229, "SW2_3", -777.355, 2293.22, "T", "SMD", "BOOT", "", "R", 47.244, 25.591, 0, 0, 90],
		[230, "SW2_4", -777.695, 2456.54, "T", "SMD", "BOOT", "", "R", 47.244, 25.591, 0, 0, 90],
		[231, "U1_1", -344.49, 1060.195, "T", "SMD", "GND", "GND", "R", 59.055, 35.433, 0, 0, 0],
		[232, "U1_2", -344.49, 1010.195, "T", "SMD", "+3V3", "", "R", 59.055, 35.433, 0, 0, 0],
		[233, "U1_3", -344.49, 960.195, "T", "SMD", "EN", "", "R", 59.055, 35.433, 0, 0, 0],
		[234, "U1_4", -344.49, 910.195, "T", "SMD", "GPIO4", "", "R", 59.055, 35.433, 0, 0, 0],
		[235, "U1_5", -344.49, 860.195, "T", "SMD", "GPIO5", "", "R", 59.055, 35.433, 0, 0, 0],
		[236, "U1_6", -344.49, 810.195, "T", "SMD", "GPIO6", "", "R", 59.055, 35.433, 0, 0, 0],
		[237, "U1_7", -344.49, 760.195, "T", "SMD", "GPIO7", "", "R", 59.055, 35.433, 0, 0, 0],
		[238, "U1_8", -344.49, 710.195, "T", "SMD", "GPIO15", "", "R", 59.055, 35.433, 0, 0, 0],
		[239, "U1_9", -344.49, 660.195, "T", "SMD", "GPIO16", "", "R", 59.055, 35.433, 0, 0, 0],
		[240, "U1_10", -344.49, 610.195, "T", "SMD", "GPIO17", "", "R", 59.055, 35.433, 0, 0, 0],
		[241, "U1_11", -344.49, 560.195, "T", "SMD", "GPIO18", "", "R", 59.055, 35.433, 0, 0, 0],
		[242, "U1_12", -344.49, 510.195, "T", "SMD", "GPIO8", "", "R", 59.055, 35.433, 0, 0, 0],
		[243, "U1_13", -344.49, 460.195, "T", "SMD", "D-", "", "R", 59.055, 35.433, 0, 0, 0],
		[244, "U1_14", -344.49, 410.195, "T", "SMD", "D+", "", "R", 59.055, 35.433, 0, 0, 0],
		[245, "U1_15", -275, 359.805, "T", "SMD", "XA2", "", "R", 59.055, 35.433, 0, 0, 90],
		[246, "U1_16", -225, 359.805, "T", "SMD", "SDO", "", "R", 59.055, 35.433, 0, 0, 90],
		[247, "U1_17", -175, 359.805, "T", "SMD", "GPIO9", "", "R", 59.055, 35.433, 0, 0, 90],
		[248, "U1_18", -125, 359.805, "T", "SMD", "GPIO10", "", "R", 59.055, 35.433, 0, 0, 90],
		[249, "U1_19", -75, 359.805, "T", "SMD", "GPIO11", "", "R", 59.055, 35.433, 0, 0, 90],
		[250, "U1_20", -25, 359.805, "T", "SMD", "GPIO12", "", "R", 59.055, 35.433, 0, 0, 90],
		[251, "U1_21", 25, 359.805, "T", "SMD", "GPIO13", "", "R", 59.055, 35.433, 0, 0, 90],
		[252, "U1_22", 75, 359.805, "T", "SMD", "GPIO14", "", "R", 59.055, 35.433, 0, 0, 90],
		[253, "U1_23", 125, 359.805, "T", "SMD", "GPIO21", "", "R", 59.055, 35.433, 0, 0, 90],
		[254, "U1_24", 175, 359.805, "T", "SMD", "SCL", "", "R", 59.055, 35.433, 0, 0, 90],
		[255, "U1_25", 225, 359.805, "T", "SMD", "SDA", "", "R", 59.055, 35.433, 0, 0, 90],
		[256, "U1_26", 275, 360.985, "T", "SMD", "SDI", "", "R", 59.055, 35.433, 0, 0, 90],
		[257, "U1_27", 344.49, 410.195, "T", "SMD", "BOOT", "", "R", 59.055, 35.433, 0, 0, 180],
		[258, "U1_28", 344.49, 460.195, "T", "SMD", "X_CS", "", "R", 59.055, 35.433, 0, 0, 180],
		[259, "U1_29", 344.49, 510.195, "T", "SMD", "ST_CS", "", "R", 59.055, 35.433, 0, 0, 180],
		[260, "U1_30", 344.49, 560.195, "T", "SMD", "NET_10", "", "R", 59.055, 35.433, 0, 0, 180],
		[261, "U1_31", 344.49, 610.195, "T", "SMD", "SCK", "", "R", 59.055, 35.433, 0, 0, 180],
		[262, "U1_32", 344.49, 660.195, "T", "SMD", "MTCK", "", "R", 59.055, 35.433, 0, 0, 180],
		[263, "U1_33", 344.49, 710.195, "T", "SMD", "MTDO", "", "R", 59.055, 35.433, 0, 0, 180],
		[264, "U1_34", 344.49, 760.195, "T", "SMD", "MTDI", "", "R", 59.055, 35.433, 0, 0, 180],
		[265, "U1_35", 344.49, 810.195, "T", "SMD", "MTMS", "", "R", 59.055, 35.433, 0, 0, 180],
		[266, "U1_36", 344.49, 860.195, "T", "SMD", "RX", "", "R", 59.055, 35.433, 0, 0, 180],
		[267, "U1_37", 344.49, 910.195, "T", "SMD", "TX", "", "R", 59.055, 35.433, 0, 0, 180],
		[268, "U1_38", 344.49, 960.195, "T", "SMD", "XA1", "", "R", 59.055, 35.433, 0, 0, 180],
		[269, "U1_39", 344.49, 1010.195, "T", "SMD", "XA0", "", "R", 59.055, 35.433, 0, 0, 180],
		[270, "U1_40", 344.49, 1060.195, "T", "SMD", "GND", "GND", "R", 59.055, 35.433, 0, 0, 180],
		[271, "U1_41", -3.94, 701.135, "T", "SMD", "GND", "GND", "R", 35.433, 35.433, 0, 0, 90],
		[272, "U1_41", -59.06, 701.135, "T", "SMD", "GND", "GND", "R", 35.433, 35.433, 0, 0, 90],
		[273, "U1_41", -114.18, 701.135, "T", "SMD", "GND", "GND", "R", 35.433, 35.433, 0, 0, 90],
		[274, "U1_41", -114.18, 811.375, "T", "SMD", "GND", "GND", "R", 35.433, 35.433, 0, 0, 90],
		[275, "U1_41", -59.06, 811.375, "T", "SMD", "GND", "GND", "R", 35.433, 35.433, 0, 0, 90],
		[276, "U1_41", -3.94, 811.375, "T", "SMD", "GND", "GND", "R", 35.433, 35.433, 0, 0, 90],
		[277, "U1_41", -3.94, 756.255, "T", "SMD", "GND", "GND", "R", 35.433, 35.433, 0, 0, 90],
		[278, "U1_41", -114.18, 756.255, "T", "SMD", "GND", "GND", "R", 35.433, 35.433, 0, 0, 90],
		[279, "U1_41", -59.06, 756.255, "T", "SMD", "GND", "GND", "R", 35.433, 35.433, 0, 0, 90],
		[280, "U2_1", -45.18, 262.4, "T", "SMD", "+5V", "", "R", 20.945, 41.142, 0, 0, 270],
		[281, "U2_2", -45.18, 225, "T", "SMD", "GND", "GND", "R", 20.945, 41.142, 0, 0, 270],
		[282, "U2_3", -45.18, 187.6, "T", "SMD", "+5V", "", "R", 20.945, 41.142, 0, 0, 270],
		[283, "U2_4", 45.18, 187.6, "T", "SMD", "NET_11", "", "R", 20.945, 41.142, 0, 0, 270],
		[284, "U2_5", 45.18, 262.4, "T", "SMD", "+3V3", "", "R", 20.945, 41.142, 0, 0, 270],
		[285, "U3_1", 750.47, 2715.55, "T", "SMD", "SCL", "", "R", 11.024, 19.685, 0, 0, 0],
		[286, "U3_2", 770.16, 2715.55, "T", "SMD", "+3V3", "", "R", 11.024, 19.685, 0, 0, 0],
		[287, "U3_3", 789.84, 2715.55, "T", "SMD", "NET_12", "", "R", 11.024, 19.685, 0, 0, 0],
		[288, "U3_4", 809.53, 2715.55, "T", "SMD", "SDA", "", "R", 11.024, 19.685, 0, 0, 0],
		[289, "U3_5", 814.45, 2740.16, "T", "SMD", "GND", "GND", "R", 19.685, 11.024, 0, 0, 0],
		[290, "U3_6", 814.45, 2759.84, "T", "SMD", "GND", "GND", "R", 19.685, 11.024, 0, 0, 0],
		[291, "U3_7", 809.53, 2784.45, "T", "SMD", "GND", "GND", "R", 11.024, 19.685, 0, 0, 0],
		[292, "U3_8", 789.84, 2784.45, "T", "SMD", "GND", "GND", "R", 11.024, 19.685, 0, 0, 0],
		[293, "U3_9", 770.16, 2784.45, "T", "SMD", "+3V3", "", "R", 11.024, 19.685, 0, 0, 0],
		[294, "U3_10", 750.47, 2784.45, "T", "SMD", "+3V3", "", "R", 11.024, 19.685, 0, 0, 0],
		[295, "U3_11", 745.55, 2759.84, "T", "SMD", "NET_13", "", "R", 19.685, 11.024, 0, 0, 0],
		[296, "U3_12", 745.55, 2740.16, "T", "SMD", "NET_14", "", "R", 19.685, 11.024, 0, 0, 0],
		[297, "U4_1", 829.55, 2938.39, "T", "SMD", "GND", "GND", "O", 14.331, 30.197, 0, 0, 90],
		[298, "U4_2", 829.55, 2912.8, "T", "SMD", "+3V3", "", "O", 14.331, 30.197, 0, 0, 90],
		[299, "U4_3", 829.55, 2887.21, "T", "SMD", "SDA", "", "O", 14.331, 30.197, 0, 0, 90],
		[300, "U4_4", 829.55, 2861.61, "T", "SMD", "SCL", "", "O", 14.331, 30.197, 0, 0, 90],
		[301, "U4_5", 730.45, 2861.61, "T", "SMD", "GND", "GND", "O", 14.331, 30.197, 0, 0, 90],
		[302, "U4_6", 730.45, 2887.21, "T", "SMD", "+3V3", "", "O", 14.331, 30.197, 0, 0, 90],
		[303, "U4_7", 730.45, 2912.8, "T", "SMD", "GND", "GND", "O", 14.331, 30.197, 0, 0, 90],
		[304, "U4_8", 730.45, 2938.39, "T", "SMD", "+3V3", "", "O", 14.331, 30.197, 0, 0, 90],
		[305, "U5_1", 913.777, 2939.194, "T", "SMD", "GND", "GND", "O", 15.433, 35.433, 0, 0, 180],
		[306, "U5_2", 886.217, 2939.194, "T", "SMD", "SDA", "", "O", 15.433, 35.433, 0, 0, 180],
		[307, "U5_3", 886.217, 2862.783, "T", "SMD", "SCL", "", "O", 15.433, 39.37, 0, 0, 180],
		[308, "U5_4", 913.777, 2860.814, "T", "SMD", "+3V3", "", "O", 15.433, 35.433, 0, 0, 180],
		[309, "U6_1", -150, 2481.1, "T", "DIP", "GND", "GND", "C", 70.866, 70.866, 41.338, 41.338, 0],
		[310, "U6_1", -150, 2481.1, "B", "DIP", "GND", "GND", "C", 70.866, 70.866, 41.338, 41.338, 0],
		[311, "U6_2", -50, 2481.1, "T", "DIP", "+5V", "", "C", 70.866, 70.866, 41.338, 41.338, 0],
		[312, "U6_2", -50, 2481.1, "B", "DIP", "+5V", "", "C", 70.866, 70.866, 41.338, 41.338, 0],
		[313, "U6_3", 50, 2481.1, "T", "DIP", "SCL", "", "C", 70.866, 70.866, 41.338, 41.338, 0],
		[314, "U6_3", 50, 2481.1, "B", "DIP", "SCL", "", "C", 70.866, 70.866, 41.338, 41.338, 0],
		[315, "U6_4", 150, 2481.1, "T", "DIP", "SDA", "", "C", 70.866, 70.866, 41.338, 41.338, 0],
		[316, "U6_4", 150, 2481.1, "B", "DIP", "SDA", "", "C", 70.866, 70.866, 41.338, 41.338, 0],
		[317, "U16_1", -576.77, -118.05, "T", "SMD", "GPB4", "", "O", 14.331, 33.346, 0, 0, 0],
		[318, "U16_2", -551.18, -118.05, "T", "SMD", "GPB5", "", "O", 14.331, 33.346, 0, 0, 0],
		[319, "U16_3", -525.59, -118.05, "T", "SMD", "GPB6", "", "O", 14.331, 33.346, 0, 0, 0],
		[320, "U16_4", -500, -118.05, "T", "SMD", "GPB7", "", "O", 14.331, 33.346, 0, 0, 0],
		[321, "U16_5", -474.41, -118.05, "T", "SMD", "+3V3", "", "O", 14.331, 33.346, 0, 0, 0],
		[322, "U16_6", -448.82, -118.05, "T", "SMD", "GND", "GND", "O", 14.331, 33.346, 0, 0, 0],
		[323, "U16_7", -423.23, -118.05, "T", "SMD", "X_CS", "", "O", 14.331, 33.346, 0, 0, 0],
		[324, "U16_8", -381.95, -76.77, "T", "SMD", "SCK", "", "O", 33.346, 14.331, 0, 0, 0],
		[325, "U16_9", -381.95, -51.18, "T", "SMD", "SDI", "", "O", 33.346, 14.331, 0, 0, 0],
		[326, "U16_10", -381.95, -25.59, "T", "SMD", "SDO", "", "O", 33.346, 14.331, 0, 0, 0],
		[327, "U16_11", -381.95, 0, "T", "SMD", "XA0", "", "O", 33.346, 14.331, 0, 0, 0],
		[328, "U16_12", -381.95, 25.59, "T", "SMD", "XA1", "", "O", 33.346, 14.331, 0, 0, 0],
		[329, "U16_13", -381.95, 51.18, "T", "SMD", "XA2", "", "O", 33.346, 14.331, 0, 0, 0],
		[330, "U16_14", -381.95, 76.77, "T", "SMD", "XRES", "", "O", 33.346, 14.331, 0, 0, 0],
		[331, "U16_15", -423.23, 118.05, "T", "SMD", "NET_15", "", "O", 14.331, 33.346, 0, 0, 0],
		[332, "U16_16", -448.82, 118.05, "T", "SMD", "NET_16", "", "O", 14.331, 33.346, 0, 0, 0],
		[333, "U16_17", -474.41, 118.05, "T", "SMD", "GPA0", "", "O", 14.331, 33.346, 0, 0, 0],
		[334, "U16_18", -500, 118.05, "T", "SMD", "GPA1", "", "O", 14.331, 33.346, 0, 0, 0],
		[335, "U16_19", -525.59, 118.05, "T", "SMD", "GPA2", "", "O", 14.331, 33.346, 0, 0, 0],
		[336, "U16_20", -551.18, 118.05, "T", "SMD", "GPA3", "", "O", 14.331, 33.346, 0, 0, 0],
		[337, "U16_21", -576.77, 118.05, "T", "SMD", "GPA4", "", "O", 14.331, 33.346, 0, 0, 0],
		[338, "U16_22", -618.05, 76.77, "T", "SMD", "GPA5", "", "O", 33.346, 14.331, 0, 0, 0],
		[339, "U16_23", -618.05, 51.18, "T", "SMD", "GPA6", "", "O", 33.346, 14.331, 0, 0, 0],
		[340, "U16_24", -618.05, 25.59, "T", "SMD", "GPA7", "", "O", 33.346, 14.331, 0, 0, 0],
		[341, "U16_25", -618.05, 0, "T", "SMD", "GPB0", "", "O", 33.346, 14.331, 0, 0, 0],
		[342, "U16_26", -618.05, -25.59, "T", "SMD", "GPB1", "", "O", 33.346, 14.331, 0, 0, 0],
		[343, "U16_27", -618.05, -51.18, "T", "SMD", "GPB2", "", "O", 33.346, 14.331, 0, 0, 0],
		[344, "U16_28", -618.05, -76.77, "T", "SMD", "GPB3", "", "O", 33.346, 14.331, 0, 0, 0],
		[345, "U16_29", -500, 0, "T", "SMD", "GND", "GND", "R", 185.039, 185.039, 0, 0, 0],
		[346, "U17_1", 576.77, 118.05, "T", "SMD", "GPD4", "", "O", 14.331, 33.346, 0, 0, 180],
		[347, "U17_2", 551.18, 118.05, "T", "SMD", "GPD5", "", "O", 14.331, 33.346, 0, 0, 180],
		[348, "U17_3", 525.59, 118.05, "T", "SMD", "GPD6", "", "O", 14.331, 33.346, 0, 0, 180],
		[349, "U17_4", 500, 118.05, "T", "SMD", "GPD7", "", "O", 14.331, 33.346, 0, 0, 180],
		[350, "U17_5", 474.41, 118.05, "T", "SMD", "+3V3", "", "O", 14.331, 33.346, 0, 0, 180],
		[351, "U17_6", 448.82, 118.05, "T", "SMD", "GND", "GND", "O", 14.331, 33.346, 0, 0, 180],
		[352, "U17_7", 423.23, 118.05, "T", "SMD", "X_CS", "", "O", 14.331, 33.346, 0, 0, 180],
		[353, "U17_8", 381.95, 76.77, "T", "SMD", "SCK", "", "O", 33.346, 14.331, 0, 0, 180],
		[354, "U17_9", 381.95, 51.18, "T", "SMD", "SDI", "", "O", 33.346, 14.331, 0, 0, 180],
		[355, "U17_10", 381.95, 25.59, "T", "SMD", "SDO", "", "O", 33.346, 14.331, 0, 0, 180],
		[356, "U17_11", 381.95, 0, "T", "SMD", "XA0", "", "O", 33.346, 14.331, 0, 0, 180],
		[357, "U17_12", 381.95, -25.59, "T", "SMD", "XA1", "", "O", 33.346, 14.331, 0, 0, 180],
		[358, "U17_13", 381.95, -51.18, "T", "SMD", "XA2", "", "O", 33.346, 14.331, 0, 0, 180],
		[359, "U17_14", 381.95, -76.77, "T", "SMD", "XRES", "", "O", 33.346, 14.331, 0, 0, 180],
		[360, "U17_15", 423.23, -118.05, "T", "SMD", "NET_17", "", "O", 14.331, 33.346, 0, 0, 180],
		[361, "U17_16", 448.82, -118.05, "T", "SMD", "NET_18", "", "O", 14.331, 33.346, 0, 0, 180],
		[362, "U17_17", 474.41, -118.05, "T", "SMD", "GPC0", "", "O", 14.331, 33.346, 0, 0, 180],
		[363, "U17_18", 500, -118.05, "T", "SMD", "GPC1", "", "O", 14.331, 33.346, 0, 0, 180],
		[364, "U17_19", 525.59, -118.05, "T", "SMD", "GPC2", "", "O", 14.331, 33.346, 0, 0, 180],
		[365, "U17_20", 551.18, -118.05, "T", "SMD", "GPC3", "", "O", 14.331, 33.346, 0, 0, 180],
		[366, "U17_21", 576.77, -118.05, "T", "SMD", "GPC4", "", "O", 14.331, 33.346, 0, 0, 180],
		[367, "U17_22", 618.05, -76.77, "T", "SMD", "GPC5", "", "O", 33.346, 14.331, 0, 0, 180],
		[368, "U17_23", 618.05, -51.18, "T", "SMD", "GPC6", "", "O", 33.346, 14.331, 0, 0, 180],
		[369, "U17_24", 618.05, -25.59, "T", "SMD", "GPC7", "", "O", 33.346, 14.331, 0, 0, 180],
		[370, "U17_25", 618.05, 0, "T", "SMD", "GPD0", "", "O", 33.346, 14.331, 0, 0, 180],
		[371, "U17_26", 618.05, 25.59, "T", "SMD", "GPD1", "", "O", 33.346, 14.331, 0, 0, 180],
		[372, "U17_27", 618.05, 51.18, "T", "SMD", "GPD2", "", "O", 33.346, 14.331, 0, 0, 180],
		[373, "U17_28", 618.05, 76.77, "T", "SMD", "GPD3", "", "O", 33.346, 14.331, 0, 0, 180],
		[374, "U17_29", 500, 0, "T", "SMD", "GND", "GND", "R", 185.039, 185.039, 0, 0, 180],
		[375, "U18_1", -134.84, 2825, "T", "SMD", "NET_19", "", "R", 23.622, 35.433, 0, 0, 90],
		[376, "U18_1", -223.42, 2825, "T", "SMD", "NET_20", "", "R", 23.622, 35.433, 0, 0, 90],
		[377, "U18_2", -134.84, 2775, "T", "SMD", "ST_CS", "", "R", 23.622, 35.433, 0, 0, 90],
		[378, "U18_2", -223.42, 2775, "T", "SMD", "ST_CS", "", "R", 23.622, 35.433, 0, 0, 90],
		[379, "U18_3", -134.84, 2725, "T", "SMD", "SCK", "", "R", 23.622, 35.433, 0, 0, 90],
		[380, "U18_3", -223.42, 2725, "T", "SMD", "SCK", "", "R", 23.622, 35.433, 0, 0, 90],
		[381, "U18_4", -134.84, 2675, "T", "SMD", "GND", "GND", "R", 23.622, 35.433, 0, 0, 90],
		[382, "U18_4", -223.42, 2675, "T", "SMD", "GND", "GND", "R", 23.622, 35.433, 0, 0, 90],
		[383, "U18_5", 134.84, 2675, "T", "SMD", "SDI", "", "R", 35.433, 23.622, 0, 0, 0],
		[384, "U18_5", 223.42, 2675, "T", "SMD", "SDI", "", "R", 35.433, 23.622, 0, 0, 0],
		[385, "U18_6", 134.84, 2725, "T", "SMD", "SDO", "", "R", 35.433, 23.622, 0, 0, 0],
		[386, "U18_6", 223.42, 2725, "T", "SMD", "SDO", "", "R", 35.433, 23.622, 0, 0, 0],
		[387, "U18_7", 134.84, 2775, "T", "SMD", "NET_21", "", "R", 35.433, 23.622, 0, 0, 0],
		[388, "U18_7", 223.42, 2775, "T", "SMD", "NET_22", "", "R", 35.433, 23.622, 0, 0, 0],
		[389, "U18_8", 134.84, 2825, "T", "SMD", "+3V3", "", "R", 35.433, 23.622, 0, 0, 0],
		[390, "U18_8", 223.42, 2825, "T", "SMD", "+3V3", "", "R", 35.433, 23.622, 0, 0, 0],
		[391, "U18_9", 0, 2750, "T", "SMD", "GND", "GND", "R", 90.551, 125.984, 0, 0, 0],
		[392, "USB1_1", -170.08, 70.37, "T", "DIP", "GND", "GND", "O", 39.37, 82.677, 23.622, 66.93, 0],
		[393, "USB1_1", -170.08, 70.37, "B", "DIP", "GND", "GND", "O", 39.37, 82.677, 23.622, 66.93, 0],
		[394, "USB1_2", 170.08, 70.37, "T", "DIP", "GND", "GND", "O", 39.37, 82.677, 23.622, 66.93, 0],
		[395, "USB1_2", 170.08, 70.37, "B", "DIP", "GND", "GND", "O", 39.37, 82.677, 23.622, 66.93, 0],
		[396, "USB1_3", -170.08, -93.01, "T", "DIP", "GND", "GND", "O", 39.37, 70.866, 23.622, 55.118, 0],
		[397, "USB1_3", -170.08, -93.01, "B", "DIP", "GND", "GND", "O", 39.37, 70.866, 23.622, 55.118, 0],
		[398, "USB1_4", 170.08, -93.01, "T", "DIP", "GND", "GND", "O", 39.37, 70.866, 23.622, 55.118, 0],
		[399, "USB1_4", 170.08, -93.01, "B", "DIP", "GND", "GND", "O", 39.37, 70.866, 23.622, 55.118, 0],
		[400, "USB1_A1B12", -125.99, 93.01, "T", "SMD", "GND", "GND", "R", 23.622, 45.276, 0, 0, 0],
		[401, "USB1_A4B9", -94.49, 93.01, "T", "SMD", "VBUS", "", "R", 23.622, 45.276, 0, 0, 0],
		[402, "USB1_A5", -49.21, 93.01, "T", "SMD", "CC1", "", "R", 11.811, 45.276, 0, 0, 0],
		[403, "USB1_A6", -9.84, 93.01, "T", "SMD", "D+", "", "R", 11.811, 45.276, 0, 0, 0],
		[404, "USB1_A7", 9.84, 93.01, "T", "SMD", "D-", "", "R", 11.811, 45.276, 0, 0, 0],
		[405, "USB1_A8", 49.21, 93.01, "T", "SMD", "NET_23", "", "R", 11.811, 45.276, 0, 0, 0],
		[406, "USB1_B1A12", 125.98, 93.01, "T", "SMD", "GND", "GND", "R", 23.622, 45.276, 0, 0, 0],
		[407, "USB1_B4A9", 94.49, 93.01, "T", "SMD", "VBUS", "", "R", 23.622, 45.276, 0, 0, 0],
		[408, "USB1_B5", 68.9, 93.01, "T", "SMD", "CC2", "", "R", 11.811, 45.276, 0, 0, 0],
		[409, "USB1_B6", 29.53, 93.01, "T", "SMD", "D+", "", "R", 11.811, 45.276, 0, 0, 0],
		[410, "USB1_B7", -29.53, 93.01, "T", "SMD", "D-", "", "R", 11.811, 45.276, 0, 0, 0],
		[411, "USB1_B8", -68.9, 93.01, "T", "SMD", "NET_24", "", "R", 11.811, 45.276, 0, 0, 0],
		[412, "PAD1_2", -400.475, 325, "T", "SMD", "D-", "", "R", 23.622, 15.748, 0, 0, 180],
		[413, "PAD2_1", -459.525, 325, "T", "SMD", "GND", "GND", "R", 23.622, 15.748, 0, 0, 0],
		[414, "PAD3_2", -355.475, 260, "T", "SMD", "D+", "", "R", 23.622, 15.748, 0, 0, 180],
		[415, "PAD4_1", -414.525, 260, "T", "SMD", "GND", "GND", "R", 23.622, 15.748, 0, 0, 0],
		[416, "PAD5_2", 165.475, 190, "T", "SMD", "VBUS", "", "R", 23.622, 15.748, 0, 0, 0],
		[417, "PAD6_1", 224.525, 190, "T", "SMD", "GND", "GND", "R", 23.622, 15.748, 0, 0, 180],
		[418, "PAD7_2", 155.626, 255, "T", "SMD", "VBUS", "", "R", 35.827, 48.031, 0, 0, 180],
		[419, "PAD8_1", 284.374, 255, "T", "SMD", "+5V", "", "R", 35.827, 48.031, 0, 0, 180],
		[420, "PAD9_1", -850, 2050, "T", "DIP", "GND", "GND", "R", 62.992, 62.992, 41.338, 41.338, 270],
		[421, "PAD9_1", -850, 2050, "B", "DIP", "GND", "GND", "R", 62.992, 62.992, 41.338, 41.338, 270],
		[422, "PAD10_2", -850, 1950, "T", "DIP", "+5V", "", "C", 62.992, 62.992, 41.338, 41.338, 270],
		[423, "PAD10_2", -850, 1950, "B", "DIP", "+5V", "", "C", 62.992, 62.992, 41.338, 41.338, 270],
		[424, "PAD11_3", -850, 1850, "T", "DIP", "+3V3", "", "C", 62.992, 62.992, 41.338, 41.338, 270],
		[425, "PAD11_3", -850, 1850, "B", "DIP", "+3V3", "", "C", 62.992, 62.992, 41.338, 41.338, 270],
		[426, "PAD12_4", -850, 1750, "T", "DIP", "GPA0", "", "C", 62.992, 62.992, 41.338, 41.338, 270],
		[427, "PAD12_4", -850, 1750, "B", "DIP", "GPA0", "", "C", 62.992, 62.992, 41.338, 41.338, 270],
		[428, "PAD13_5", -850, 1650, "T", "DIP", "GPA1", "", "C", 62.992, 62.992, 41.338, 41.338, 270],
		[429, "PAD13_5", -850, 1650, "B", "DIP", "GPA1", "", "C", 62.992, 62.992, 41.338, 41.338, 270],
		[430, "PAD14_6", -850, 1550, "T", "DIP", "GPA2", "", "C", 62.992, 62.992, 41.338, 41.338, 270],
		[431, "PAD14_6", -850, 1550, "B", "DIP", "GPA2", "", "C", 62.992, 62.992, 41.338, 41.338, 270],
		[432, "PAD15_7", -850, 1450, "T", "DIP", "GPA3", "", "C", 62.992, 62.992, 41.338, 41.338, 270],
		[433, "PAD15_7", -850, 1450, "B", "DIP", "GPA3", "", "C", 62.992, 62.992, 41.338, 41.338, 270],
		[434, "PAD16_8", -850, 1350, "T", "DIP", "GPA4", "", "C", 62.992, 62.992, 41.338, 41.338, 270],
		[435, "PAD16_8", -850, 1350, "B", "DIP", "GPA4", "", "C", 62.992, 62.992, 41.338, 41.338, 270],
		[436, "PAD17_9", -850, 1250, "T", "DIP", "GPA5", "", "C", 62.992, 62.992, 41.338, 41.338, 270],
		[437, "PAD17_9", -850, 1250, "B", "DIP", "GPA5", "", "C", 62.992, 62.992, 41.338, 41.338, 270],
		[438, "PAD18_10", -850, 1150, "T", "DIP", "GPA6", "", "C", 62.992, 62.992, 41.338, 41.338, 270],
		[439, "PAD18_10", -850, 1150, "B", "DIP", "GPA6", "", "C", 62.992, 62.992, 41.338, 41.338, 270],
		[440, "PAD19_11", -850, 1050, "T", "DIP", "GPA7", "", "C", 62.992, 62.992, 41.338, 41.338, 270],
		[441, "PAD19_11", -850, 1050, "B", "DIP", "GPA7", "", "C", 62.992, 62.992, 41.338, 41.338, 270],
		[442, "PAD20_12", -850, 950, "T", "DIP", "GPB0", "", "C", 62.992, 62.992, 41.338, 41.338, 270],
		[443, "PAD20_12", -850, 950, "B", "DIP", "GPB0", "", "C", 62.992, 62.992, 41.338, 41.338, 270],
		[444, "PAD21_13", -850, 850, "T", "DIP", "GPB1", "", "C", 62.992, 62.992, 41.338, 41.338, 270],
		[445, "PAD21_13", -850, 850, "B", "DIP", "GPB1", "", "C", 62.992, 62.992, 41.338, 41.338, 270],
		[446, "PAD22_14", -850, 750, "T", "DIP", "GPB2", "", "C", 62.992, 62.992, 41.338, 41.338, 270],
		[447, "PAD22_14", -850, 750, "B", "DIP", "GPB2", "", "C", 62.992, 62.992, 41.338, 41.338, 270],
		[448, "PAD23_15", -850, 650, "T", "DIP", "GPB3", "", "C", 62.992, 62.992, 41.338, 41.338, 270],
		[449, "PAD23_15", -850, 650, "B", "DIP", "GPB3", "", "C", 62.992, 62.992, 41.338, 41.338, 270],
		[450, "PAD24_16", -850, 550, "T", "DIP", "GPB4", "", "C", 62.992, 62.992, 41.338, 41.338, 270],
		[451, "PAD24_16", -850, 550, "B", "DIP", "GPB4", "", "C", 62.992, 62.992, 41.338, 41.338, 270],
		[452, "PAD25_17", -850, 450, "T", "DIP", "GPB5", "", "C", 62.992, 62.992, 41.338, 41.338, 270],
		[453, "PAD25_17", -850, 450, "B", "DIP", "GPB5", "", "C", 62.992, 62.992, 41.338, 41.338, 270],
		[454, "PAD26_18", -850, 350, "T", "DIP", "GPB6", "", "C", 62.992, 62.992, 41.338, 41.338, 270],
		[455, "PAD26_18", -850, 350, "B", "DIP", "GPB6", "", "C", 62.992, 62.992, 41.338, 41.338, 270],
		[456, "PAD27_19", -850, 250, "T", "DIP", "GPB7", "", "C", 62.992, 62.992, 41.338, 41.338, 270],
		[457, "PAD27_19", -850, 250, "B", "DIP", "GPB7", "", "C", 62.992, 62.992, 41.338, 41.338, 270],
		[458, "PAD28_20", -850, 150, "T", "DIP", "+3V3", "", "C", 62.992, 62.992, 41.338, 41.338, 270],
		[459, "PAD28_20", -850, 150, "B", "DIP", "+3V3", "", "C", 62.992, 62.992, 41.338, 41.338, 270],
		[460, "PAD29_21", -850, 50, "T", "DIP", "+5V", "", "C", 62.992, 62.992, 41.338, 41.338, 270],
		[461, "PAD29_21", -850, 50, "B", "DIP", "+5V", "", "C", 62.992, 62.992, 41.338, 41.338, 270],
		[462, "PAD30_22", -850, -50, "T", "DIP", "GND", "GND", "R", 62.992, 62.992, 41.338, 41.338, 270],
		[463, "PAD30_22", -850, -50, "B", "DIP", "GND", "GND", "R", 62.992, 62.992, 41.338, 41.338, 270],
		[464, "PAD31_1", -750, 2050, "T", "DIP", "GND", "GND", "R", 62.992, 62.992, 41.338, 41.338, 270],
		[465, "PAD31_1", -750, 2050, "B", "DIP", "GND", "GND", "R", 62.992, 62.992, 41.338, 41.338, 270],
		[466, "PAD32_2", -750, 1950, "T", "DIP", "LRTJ", "", "C", 62.992, 62.992, 41.338, 41.338, 270],
		[467, "PAD32_2", -750, 1950, "B", "DIP", "LRTJ", "", "C", 62.992, 62.992, 41.338, 41.338, 270],
		[468, "PAD33_3", -750, 1850, "T", "DIP", "TBLJ", "", "C", 62.992, 62.992, 41.338, 41.338, 270],
		[469, "PAD33_3", -750, 1850, "B", "DIP", "TBLJ", "", "C", 62.992, 62.992, 41.338, 41.338, 270],
		[470, "PAD34_4", -750, 1750, "T", "DIP", "MTCK", "", "C", 62.992, 62.992, 41.338, 41.338, 270],
		[471, "PAD34_4", -750, 1750, "B", "DIP", "MTCK", "", "C", 62.992, 62.992, 41.338, 41.338, 270],
		[472, "PAD35_5", -750, 1650, "T", "DIP", "MTDO", "", "C", 62.992, 62.992, 41.338, 41.338, 270],
		[473, "PAD35_5", -750, 1650, "B", "DIP", "MTDO", "", "C", 62.992, 62.992, 41.338, 41.338, 270],
		[474, "PAD36_6", -750, 1550, "T", "DIP", "MTDI", "", "C", 62.992, 62.992, 41.338, 41.338, 270],
		[475, "PAD36_6", -750, 1550, "B", "DIP", "MTDI", "", "C", 62.992, 62.992, 41.338, 41.338, 270],
		[476, "PAD37_7", -750, 1450, "T", "DIP", "MTMS", "", "C", 62.992, 62.992, 41.338, 41.338, 270],
		[477, "PAD37_7", -750, 1450, "B", "DIP", "MTMS", "", "C", 62.992, 62.992, 41.338, 41.338, 270],
		[478, "PAD38_8", -750, 1350, "T", "DIP", "RX", "", "C", 62.992, 62.992, 41.338, 41.338, 270],
		[479, "PAD38_8", -750, 1350, "B", "DIP", "RX", "", "C", 62.992, 62.992, 41.338, 41.338, 270],
		[480, "PAD39_9", -750, 1250, "T", "DIP", "TX", "", "C", 62.992, 62.992, 41.338, 41.338, 270],
		[481, "PAD39_9", -750, 1250, "B", "DIP", "TX", "", "C", 62.992, 62.992, 41.338, 41.338, 270],
		[482, "PAD40_11", -750, 1050, "T", "DIP", "EN", "", "C", 62.992, 62.992, 41.338, 41.338, 270],
		[483, "PAD40_11", -750, 1050, "B", "DIP", "EN", "", "C", 62.992, 62.992, 41.338, 41.338, 270],
		[484, "PAD41_12", -750, 950, "T", "DIP", "GPIO4", "", "C", 62.992, 62.992, 41.338, 41.338, 270],
		[485, "PAD41_12", -750, 950, "B", "DIP", "GPIO4", "", "C", 62.992, 62.992, 41.338, 41.338, 270],
		[486, "PAD42_13", -750, 850, "T", "DIP", "GPIO5", "", "C", 62.992, 62.992, 41.338, 41.338, 270],
		[487, "PAD42_13", -750, 850, "B", "DIP", "GPIO5", "", "C", 62.992, 62.992, 41.338, 41.338, 270],
		[488, "PAD43_14", -750, 750, "T", "DIP", "GPIO6", "", "C", 62.992, 62.992, 41.338, 41.338, 270],
		[489, "PAD43_14", -750, 750, "B", "DIP", "GPIO6", "", "C", 62.992, 62.992, 41.338, 41.338, 270],
		[490, "PAD44_15", -750, 650, "T", "DIP", "GPIO7", "", "C", 62.992, 62.992, 41.338, 41.338, 270],
		[491, "PAD44_15", -750, 650, "B", "DIP", "GPIO7", "", "C", 62.992, 62.992, 41.338, 41.338, 270],
		[492, "PAD45_16", -750, 550, "T", "DIP", "GPIO8", "", "C", 62.992, 62.992, 41.338, 41.338, 270],
		[493, "PAD45_16", -750, 550, "B", "DIP", "GPIO8", "", "C", 62.992, 62.992, 41.338, 41.338, 270],
		[494, "PAD46_17", -750, 450, "T", "DIP", "GPIO9", "", "C", 62.992, 62.992, 41.338, 41.338, 270],
		[495, "PAD46_17", -750, 450, "B", "DIP", "GPIO9", "", "C", 62.992, 62.992, 41.338, 41.338, 270],
		[496, "PAD47_18", -750, 350, "T", "DIP", "GPIO10", "", "C", 62.992, 62.992, 41.338, 41.338, 270],
		[497, "PAD47_18", -750, 350, "B", "DIP", "GPIO10", "", "C", 62.992, 62.992, 41.338, 41.338, 270],
		[498, "PAD48_19", -750, 250, "T", "DIP", "GPIO11", "", "C", 62.992, 62.992, 41.338, 41.338, 270],
		[499, "PAD48_19", -750, 250, "B", "DIP", "GPIO11", "", "C", 62.992, 62.992, 41.338, 41.338, 270],
		[500, "PAD49_20", -750, 150, "T", "DIP", "TBLJ", "", "C", 62.992, 62.992, 41.338, 41.338, 270],
		[501, "PAD49_20", -750, 150, "B", "DIP", "TBLJ", "", "C", 62.992, 62.992, 41.338, 41.338, 270],
		[502, "PAD50_21", -750, 50, "T", "DIP", "LRBJ", "", "C", 62.992, 62.992, 41.338, 41.338, 270],
		[503, "PAD50_21", -750, 50, "B", "DIP", "LRBJ", "", "C", 62.992, 62.992, 41.338, 41.338, 270],
		[504, "PAD51_22", -750, -50, "T", "DIP", "GND", "GND", "R", 62.992, 62.992, 41.338, 41.338, 270],
		[505, "PAD51_22", -750, -50, "B", "DIP", "GND", "GND", "R", 62.992, 62.992, 41.338, 41.338, 270],
		[506, "PAD52_1", 750, 2050, "T", "DIP", "GND", "GND", "R", 62.992, 62.992, 41.338, 41.338, 270],
		[507, "PAD52_1", 750, 2050, "B", "DIP", "GND", "GND", "R", 62.992, 62.992, 41.338, 41.338, 270],
		[508, "PAD53_2", 750, 1950, "T", "DIP", "LRTJ", "", "C", 62.992, 62.992, 41.338, 41.338, 270],
		[509, "PAD53_2", 750, 1950, "B", "DIP", "LRTJ", "", "C", 62.992, 62.992, 41.338, 41.338, 270],
		[510, "PAD54_3", 750, 1850, "T", "DIP", "TBRJ", "", "C", 62.992, 62.992, 41.338, 41.338, 270],
		[511, "PAD54_3", 750, 1850, "B", "DIP", "TBRJ", "", "C", 62.992, 62.992, 41.338, 41.338, 270],
		[512, "PAD55_12", 750, 950, "T", "DIP", "GPIO12", "", "C", 62.992, 62.992, 41.338, 41.338, 270],
		[513, "PAD55_12", 750, 950, "B", "DIP", "GPIO12", "", "C", 62.992, 62.992, 41.338, 41.338, 270],
		[514, "PAD56_13", 750, 850, "T", "DIP", "GPIO13", "", "C", 62.992, 62.992, 41.338, 41.338, 270],
		[515, "PAD56_13", 750, 850, "B", "DIP", "GPIO13", "", "C", 62.992, 62.992, 41.338, 41.338, 270],
		[516, "PAD57_14", 750, 750, "T", "DIP", "GPIO14", "", "C", 62.992, 62.992, 41.338, 41.338, 270],
		[517, "PAD57_14", 750, 750, "B", "DIP", "GPIO14", "", "C", 62.992, 62.992, 41.338, 41.338, 270],
		[518, "PAD58_15", 750, 650, "T", "DIP", "GPIO15", "", "C", 62.992, 62.992, 41.338, 41.338, 270],
		[519, "PAD58_15", 750, 650, "B", "DIP", "GPIO15", "", "C", 62.992, 62.992, 41.338, 41.338, 270],
		[520, "PAD59_16", 750, 550, "T", "DIP", "GPIO16", "", "C", 62.992, 62.992, 41.338, 41.338, 270],
		[521, "PAD59_16", 750, 550, "B", "DIP", "GPIO16", "", "C", 62.992, 62.992, 41.338, 41.338, 270],
		[522, "PAD60_17", 750, 450, "T", "DIP", "GPIO17", "", "C", 62.992, 62.992, 41.338, 41.338, 270],
		[523, "PAD60_17", 750, 450, "B", "DIP", "GPIO17", "", "C", 62.992, 62.992, 41.338, 41.338, 270],
		[524, "PAD61_18", 750, 350, "T", "DIP", "GPIO18", "", "C", 62.992, 62.992, 41.338, 41.338, 270],
		[525, "PAD61_18", 750, 350, "B", "DIP", "GPIO18", "", "C", 62.992, 62.992, 41.338, 41.338, 270],
		[526, "PAD62_19", 750, 250, "T", "DIP", "GPIO21", "", "C", 62.992, 62.992, 41.338, 41.338, 270],
		[527, "PAD62_19", 750, 250, "B", "DIP", "GPIO21", "", "C", 62.992, 62.992, 41.338, 41.338, 270],
		[528, "PAD63_20", 750, 150, "T", "DIP", "TBRJ", "", "C", 62.992, 62.992, 41.338, 41.338, 270],
		[529, "PAD63_20", 750, 150, "B", "DIP", "TBRJ", "", "C", 62.992, 62.992, 41.338, 41.338, 270],
		[530, "PAD64_21", 750, 50, "T", "DIP", "LRBJ", "", "C", 62.992, 62.992, 41.338, 41.338, 270],
		[531, "PAD64_21", 750, 50, "B", "DIP", "LRBJ", "", "C", 62.992, 62.992, 41.338, 41.338, 270],
		[532, "PAD65_22", 750, -50, "T", "DIP", "GND", "GND", "R", 62.992, 62.992, 41.338, 41.338, 270],
		[533, "PAD65_22", 750, -50, "B", "DIP", "GND", "GND", "R", 62.992, 62.992, 41.338, 41.338, 270],
		[534, "PAD66_1", 850, 2050, "T", "DIP", "GND", "GND", "R", 62.992, 62.992, 41.338, 41.338, 270],
		[535, "PAD66_1", 850, 2050, "B", "DIP", "GND", "GND", "R", 62.992, 62.992, 41.338, 41.338, 270],
		[536, "PAD67_2", 850, 1950, "T", "DIP", "+5V", "", "C", 62.992, 62.992, 41.338, 41.338, 270],
		[537, "PAD67_2", 850, 1950, "B", "DIP", "+5V", "", "C", 62.992, 62.992, 41.338, 41.338, 270],
		[538, "PAD68_3", 850, 1850, "T", "DIP", "+3V3", "", "C", 62.992, 62.992, 41.338, 41.338, 270],
		[539, "PAD68_3", 850, 1850, "B", "DIP", "+3V3", "", "C", 62.992, 62.992, 41.338, 41.338, 270],
		[540, "PAD69_4", 850, 1750, "T", "DIP", "GPC0", "", "C", 62.992, 62.992, 41.338, 41.338, 270],
		[541, "PAD69_4", 850, 1750, "B", "DIP", "GPC0", "", "C", 62.992, 62.992, 41.338, 41.338, 270],
		[542, "PAD70_5", 850, 1650, "T", "DIP", "GPC1", "", "C", 62.992, 62.992, 41.338, 41.338, 270],
		[543, "PAD70_5", 850, 1650, "B", "DIP", "GPC1", "", "C", 62.992, 62.992, 41.338, 41.338, 270],
		[544, "PAD71_6", 850, 1550, "T", "DIP", "GPC2", "", "C", 62.992, 62.992, 41.338, 41.338, 270],
		[545, "PAD71_6", 850, 1550, "B", "DIP", "GPC2", "", "C", 62.992, 62.992, 41.338, 41.338, 270],
		[546, "PAD72_7", 850, 1450, "T", "DIP", "GPC3", "", "C", 62.992, 62.992, 41.338, 41.338, 270],
		[547, "PAD72_7", 850, 1450, "B", "DIP", "GPC3", "", "C", 62.992, 62.992, 41.338, 41.338, 270],
		[548, "PAD73_8", 850, 1350, "T", "DIP", "GPC4", "", "C", 62.992, 62.992, 41.338, 41.338, 270],
		[549, "PAD73_8", 850, 1350, "B", "DIP", "GPC4", "", "C", 62.992, 62.992, 41.338, 41.338, 270],
		[550, "PAD74_9", 850, 1250, "T", "DIP", "GPC5", "", "C", 62.992, 62.992, 41.338, 41.338, 270],
		[551, "PAD74_9", 850, 1250, "B", "DIP", "GPC5", "", "C", 62.992, 62.992, 41.338, 41.338, 270],
		[552, "PAD75_10", 850, 1150, "T", "DIP", "GPC6", "", "C", 62.992, 62.992, 41.338, 41.338, 270],
		[553, "PAD75_10", 850, 1150, "B", "DIP", "GPC6", "", "C", 62.992, 62.992, 41.338, 41.338, 270],
		[554, "PAD76_11", 850, 1050, "T", "DIP", "GPC7", "", "C", 62.992, 62.992, 41.338, 41.338, 270],
		[555, "PAD76_11", 850, 1050, "B", "DIP", "GPC7", "", "C", 62.992, 62.992, 41.338, 41.338, 270],
		[556, "PAD77_12", 850, 950, "T", "DIP", "GPD0", "", "C", 62.992, 62.992, 41.338, 41.338, 270],
		[557, "PAD77_12", 850, 950, "B", "DIP", "GPD0", "", "C", 62.992, 62.992, 41.338, 41.338, 270],
		[558, "PAD78_13", 850, 850, "T", "DIP", "GPD1", "", "C", 62.992, 62.992, 41.338, 41.338, 270],
		[559, "PAD78_13", 850, 850, "B", "DIP", "GPD1", "", "C", 62.992, 62.992, 41.338, 41.338, 270],
		[560, "PAD79_14", 850, 750, "T", "DIP", "GPD2", "", "C", 62.992, 62.992, 41.338, 41.338, 270],
		[561, "PAD79_14", 850, 750, "B", "DIP", "GPD2", "", "C", 62.992, 62.992, 41.338, 41.338, 270],
		[562, "PAD80_15", 850, 650, "T", "DIP", "GPD3", "", "C", 62.992, 62.992, 41.338, 41.338, 270],
		[563, "PAD80_15", 850, 650, "B", "DIP", "GPD3", "", "C", 62.992, 62.992, 41.338, 41.338, 270],
		[564, "PAD81_16", 850, 550, "T", "DIP", "GPD4", "", "C", 62.992, 62.992, 41.338, 41.338, 270],
		[565, "PAD81_16", 850, 550, "B", "DIP", "GPD4", "", "C", 62.992, 62.992, 41.338, 41.338, 270],
		[566, "PAD82_17", 850, 450, "T", "DIP", "GPD5", "", "C", 62.992, 62.992, 41.338, 41.338, 270],
		[567, "PAD82_17", 850, 450, "B", "DIP", "GPD5", "", "C", 62.992, 62.992, 41.338, 41.338, 270],
		[568, "PAD83_18", 850, 350, "T", "DIP", "GPD6", "", "C", 62.992, 62.992, 41.338, 41.338, 270],
		[569, "PAD83_18", 850, 350, "B", "DIP", "GPD6", "", "C", 62.992, 62.992, 41.338, 41.338, 270],
		[570, "PAD84_19", 850, 250, "T", "DIP", "GPD7", "", "C", 62.992, 62.992, 41.338, 41.338, 270],
		[571, "PAD84_19", 850, 250, "B", "DIP", "GPD7", "", "C", 62.992, 62.992, 41.338, 41.338, 270],
		[572, "PAD85_20", 850, 150, "T", "DIP", "+3V3", "", "C", 62.992, 62.992, 41.338, 41.338, 270],
		[573, "PAD85_20", 850, 150, "B", "DIP", "+3V3", "", "C", 62.992, 62.992, 41.338, 41.338, 270],
		[574, "PAD86_21", 850, 50, "T", "DIP", "+5V", "", "C", 62.992, 62.992, 41.338, 41.338, 270],
		[575, "PAD86_21", 850, 50, "B", "DIP", "+5V", "", "C", 62.992, 62.992, 41.338, 41.338, 270],
		[576, "PAD87_22", 850, -50, "T", "DIP", "GND", "GND", "R", 62.992, 62.992, 41.338, 41.338, 270],
		[577, "PAD87_22", 850, -50, "B", "DIP", "GND", "GND", "R", 62.992, 62.992, 41.338, 41.338, 270],
		[578, "PAD88_2", -665, 2486.35, "T", "SMD", "GND", "GND", "R", 39.37, 55.1, 0, 0, 90],
		[579, "PAD89_1", -665, 2403.65, "T", "SMD", "PWRLED", "", "R", 39.37, 55.1, 0, 0, 90],
		[580, "PAD90_3", -777.355, 2558.22, "T", "SMD", "EN", "", "R", 47.244, 25.591, 0, 0, 90],
		[581, "PAD91_4", -777.695, 2721.54, "T", "SMD", "EN", "", "R", 47.244, 25.591, 0, 0, 90],
		[582, "PAD92_1", -862.645, 2558.2, "T", "SMD", "GND", "GND", "R", 47.244, 25.591, 0, 0, 90],
		[583, "PAD93_2", -862.345, 2721.8, "T", "SMD", "GND", "GND", "R", 47.244, 25.591, 0, 0, 90],
		[584, "PAD94_3", -777.355, 2293.22, "T", "SMD", "BOOT", "", "R", 47.244, 25.591, 0, 0, 90],
		[585, "PAD95_4", -777.695, 2456.54, "T", "SMD", "BOOT", "", "R", 47.244, 25.591, 0, 0, 90],
		[586, "PAD96_1", -862.645, 2293.2, "T", "SMD", "GND", "GND", "R", 47.244, 25.591, 0, 0, 90],
		[587, "PAD97_2", -862.345, 2456.8, "T", "SMD", "GND", "GND", "R", 47.244, 25.591, 0, 0, 90],
		[588, "PAD98_1", -344.49, 1060.195, "T", "SMD", "GND", "GND", "R", 59.055, 35.433, 0, 0, 0],
		[589, "PAD99_2", -344.49, 1010.195, "T", "SMD", "+3V3", "", "R", 59.055, 35.433, 0, 0, 0],
		[590, "PAD100_3", -344.49, 960.195, "T", "SMD", "EN", "", "R", 59.055, 35.433, 0, 0, 0],
		[591, "PAD101_4", -344.49, 910.195, "T", "SMD", "GPIO4", "", "R", 59.055, 35.433, 0, 0, 0],
		[592, "PAD102_5", -344.49, 860.195, "T", "SMD", "GPIO5", "", "R", 59.055, 35.433, 0, 0, 0],
		[593, "PAD103_6", -344.49, 810.195, "T", "SMD", "GPIO6", "", "R", 59.055, 35.433, 0, 0, 0],
		[594, "PAD104_7", -344.49, 760.195, "T", "SMD", "GPIO7", "", "R", 59.055, 35.433, 0, 0, 0],
		[595, "PAD105_8", -344.49, 710.195, "T", "SMD", "GPIO15", "", "R", 59.055, 35.433, 0, 0, 0],
		[596, "PAD106_9", -344.49, 660.195, "T", "SMD", "GPIO16", "", "R", 59.055, 35.433, 0, 0, 0],
		[597, "PAD107_10", -344.49, 610.195, "T", "SMD", "GPIO17", "", "R", 59.055, 35.433, 0, 0, 0],
		[598, "PAD108_11", -344.49, 560.195, "T", "SMD", "GPIO18", "", "R", 59.055, 35.433, 0, 0, 0],
		[599, "PAD109_12", -344.49, 510.195, "T", "SMD", "GPIO8", "", "R", 59.055, 35.433, 0, 0, 0],
		[600, "PAD110_13", -344.49, 460.195, "T", "SMD", "D-", "", "R", 59.055, 35.433, 0, 0, 0],
		[601, "PAD111_14", -344.49, 410.195, "T", "SMD", "D+", "", "R", 59.055, 35.433, 0, 0, 0],
		[602, "PAD112_15", -275, 359.805, "T", "SMD", "XA2", "", "R", 59.055, 35.433, 0, 0, 90],
		[603, "PAD113_16", -225, 359.805, "T", "SMD", "SDO", "", "R", 59.055, 35.433, 0, 0, 90],
		[604, "PAD114_17", -175, 359.805, "T", "SMD", "GPIO9", "", "R", 59.055, 35.433, 0, 0, 90],
		[605, "PAD115_18", -125, 359.805, "T", "SMD", "GPIO10", "", "R", 59.055, 35.433, 0, 0, 90],
		[606, "PAD116_19", -75, 359.805, "T", "SMD", "GPIO11", "", "R", 59.055, 35.433, 0, 0, 90],
		[607, "PAD117_20", -25, 359.805, "T", "SMD", "GPIO12", "", "R", 59.055, 35.433, 0, 0, 90],
		[608, "PAD118_21", 25, 359.805, "T", "SMD", "GPIO13", "", "R", 59.055, 35.433, 0, 0, 90],
		[609, "PAD119_22", 75, 359.805, "T", "SMD", "GPIO14", "", "R", 59.055, 35.433, 0, 0, 90],
		[610, "PAD120_23", 125, 359.805, "T", "SMD", "GPIO21", "", "R", 59.055, 35.433, 0, 0, 90],
		[611, "PAD121_24", 175, 359.805, "T", "SMD", "SCL", "", "R", 59.055, 35.433, 0, 0, 90],
		[612, "PAD122_25", 225, 359.805, "T", "SMD", "SDA", "", "R", 59.055, 35.433, 0, 0, 90],
		[613, "PAD123_26", 275, 360.985, "T", "SMD", "SDI", "", "R", 59.055, 35.433, 0, 0, 90],
		[614, "PAD124_27", 344.49, 410.195, "T", "SMD", "BOOT", "", "R", 59.055, 35.433, 0, 0, 180],
		[615, "PAD125_28", 344.49, 460.195, "T", "SMD", "X_CS", "", "R", 59.055, 35.433, 0, 0, 180],
		[616, "PAD126_29", 344.49, 510.195, "T", "SMD", "ST_CS", "", "R", 59.055, 35.433, 0, 0, 180],
		[617, "PAD127_31", 344.49, 610.195, "T", "SMD", "SCK", "", "R", 59.055, 35.433, 0, 0, 180],
		[618, "PAD128_32", 344.49, 660.195, "T", "SMD", "MTCK", "", "R", 59.055, 35.433, 0, 0, 180],
		[619, "PAD129_33", 344.49, 710.195, "T", "SMD", "MTDO", "", "R", 59.055, 35.433, 0, 0, 180],
		[620, "PAD130_34", 344.49, 760.195, "T", "SMD", "MTDI", "", "R", 59.055, 35.433, 0, 0, 180],
		[621, "PAD131_35", 344.49, 810.195, "T", "SMD", "MTMS", "", "R", 59.055, 35.433, 0, 0, 180],
		[622, "PAD132_36", 344.49, 860.195, "T", "SMD", "RX", "", "R", 59.055, 35.433, 0, 0, 180],
		[623, "PAD133_37", 344.49, 910.195, "T", "SMD", "TX", "", "R", 59.055, 35.433, 0, 0, 180],
		[624, "PAD134_38", 344.49, 960.195, "T", "SMD", "XA1", "", "R", 59.055, 35.433, 0, 0, 180],
		[625, "PAD135_39", 344.49, 1010.195, "T", "SMD", "XA0", "", "R", 59.055, 35.433, 0, 0, 180],
		[626, "PAD136_40", 344.49, 1060.195, "T", "SMD", "GND", "GND", "R", 59.055, 35.433, 0, 0, 180],
		[627, "PAD137_41", -3.94, 701.135, "T", "SMD", "GND", "GND", "R", 35.433, 35.433, 0, 0, 90],
		[628, "PAD138_41", -59.06, 701.135, "T", "SMD", "GND", "GND", "R", 35.433, 35.433, 0, 0, 90],
		[629, "PAD139_41", -114.18, 701.135, "T", "SMD", "GND", "GND", "R", 35.433, 35.433, 0, 0, 90],
		[630, "PAD140_41", -114.18, 811.375, "T", "SMD", "GND", "GND", "R", 35.433, 35.433, 0, 0, 90],
		[631, "PAD141_41", -59.06, 811.375, "T", "SMD", "GND", "GND", "R", 35.433, 35.433, 0, 0, 90],
		[632, "PAD142_41", -3.94, 811.375, "T", "SMD", "GND", "GND", "R", 35.433, 35.433, 0, 0, 90],
		[633, "PAD143_41", -3.94, 756.255, "T", "SMD", "GND", "GND", "R", 35.433, 35.433, 0, 0, 90],
		[634, "PAD144_41", -114.18, 756.255, "T", "SMD", "GND", "GND", "R", 35.433, 35.433, 0, 0, 90],
		[635, "PAD145_41", -59.06, 756.255, "T", "SMD", "GND", "GND", "R", 35.433, 35.433, 0, 0, 90],
		[636, "PAD146_1", -45.18, 262.4, "T", "SMD", "+5V", "", "R", 20.945, 41.142, 0, 0, 270],
		[637, "PAD147_2", -45.18, 225, "T", "SMD", "GND", "GND", "R", 20.945, 41.142, 0, 0, 270],
		[638, "PAD148_3", -45.18, 187.6, "T", "SMD", "+5V", "", "R", 20.945, 41.142, 0, 0, 270],
		[639, "PAD149_5", 45.18, 262.4, "T", "SMD", "+3V3", "", "R", 20.945, 41.142, 0, 0, 270],
		[640, "PAD150_10", 750.47, 2784.45, "T", "SMD", "+3V3", "", "R", 11.024, 19.685, 0, 0, 0],
		[641, "PAD151_9", 770.16, 2784.45, "T", "SMD", "+3V3", "", "R", 11.024, 19.685, 0, 0, 0],
		[642, "PAD152_8", 789.84, 2784.45, "T", "SMD", "GND", "GND", "R", 11.024, 19.685, 0, 0, 0],
		[643, "PAD153_7", 809.53, 2784.45, "T", "SMD", "GND", "GND", "R", 11.024, 19.685, 0, 0, 0],
		[644, "PAD154_6", 814.45, 2759.84, "T", "SMD", "GND", "GND", "R", 19.685, 11.024, 0, 0, 0],
		[645, "PAD155_5", 814.45, 2740.16, "T", "SMD", "GND", "GND", "R", 19.685, 11.024, 0, 0, 0],
		[646, "PAD156_4", 809.53, 2715.55, "T", "SMD", "SDA", "", "R", 11.024, 19.685, 0, 0, 0],
		[647, "PAD157_2", 770.16, 2715.55, "T", "SMD", "+3V3", "", "R", 11.024, 19.685, 0, 0, 0],
		[648, "PAD158_1", 750.47, 2715.55, "T", "SMD", "SCL", "", "R", 11.024, 19.685, 0, 0, 0],
		[649, "PAD159_4", 829.55, 2861.61, "T", "SMD", "SCL", "", "O", 14.331, 30.197, 0, 0, 90],
		[650, "PAD160_3", 829.55, 2887.21, "T", "SMD", "SDA", "", "O", 14.331, 30.197, 0, 0, 90],
		[651, "PAD161_2", 829.55, 2912.8, "T", "SMD", "+3V3", "", "O", 14.331, 30.197, 0, 0, 90],
		[652, "PAD162_1", 829.55, 2938.39, "T", "SMD", "GND", "GND", "O", 14.331, 30.197, 0, 0, 90],
		[653, "PAD163_8", 730.45, 2938.39, "T", "SMD", "+3V3", "", "O", 14.331, 30.197, 0, 0, 90],
		[654, "PAD164_7", 730.45, 2912.8, "T", "SMD", "GND", "GND", "O", 14.331, 30.197, 0, 0, 90],
		[655, "PAD165_6", 730.45, 2887.21, "T", "SMD", "+3V3", "", "O", 14.331, 30.197, 0, 0, 90],
		[656, "PAD166_5", 730.45, 2861.61, "T", "SMD", "GND", "GND", "O", 14.331, 30.197, 0, 0, 90],
		[657, "PAD167_1", 913.777, 2939.194, "T", "SMD", "GND", "GND", "O", 15.433, 35.433, 0, 0, 180],
		[658, "PAD168_2", 886.217, 2939.194, "T", "SMD", "SDA", "", "O", 15.433, 35.433, 0, 0, 180],
		[659, "PAD169_3", 886.217, 2862.783, "T", "SMD", "SCL", "", "O", 15.433, 39.37, 0, 0, 180],
		[660, "PAD170_4", 913.777, 2860.814, "T", "SMD", "+3V3", "", "O", 15.433, 35.433, 0, 0, 180],
		[661, "PAD171_1", -150, 2481.1, "T", "DIP", "GND", "GND", "C", 70.866, 70.866, 41.338, 41.338, 0],
		[662, "PAD171_1", -150, 2481.1, "B", "DIP", "GND", "GND", "C", 70.866, 70.866, 41.338, 41.338, 0],
		[663, "PAD172_2", -50, 2481.1, "T", "DIP", "+5V", "", "C", 70.866, 70.866, 41.338, 41.338, 0],
		[664, "PAD172_2", -50, 2481.1, "B", "DIP", "+5V", "", "C", 70.866, 70.866, 41.338, 41.338, 0],
		[665, "PAD173_3", 50, 2481.1, "T", "DIP", "SCL", "", "C", 70.866, 70.866, 41.338, 41.338, 0],
		[666, "PAD173_3", 50, 2481.1, "B", "DIP", "SCL", "", "C", 70.866, 70.866, 41.338, 41.338, 0],
		[667, "PAD174_4", 150, 2481.1, "T", "DIP", "SDA", "", "C", 70.866, 70.866, 41.338, 41.338, 0],
		[668, "PAD174_4", 150, 2481.1, "B", "DIP", "SDA", "", "C", 70.866, 70.866, 41.338, 41.338, 0],
		[669, "PAD175_1", -576.77, -118.05, "T", "SMD", "GPB4", "", "O", 14.331, 33.346, 0, 0, 0],
		[670, "PAD176_2", -551.18, -118.05, "T", "SMD", "GPB5", "", "O", 14.331, 33.346, 0, 0, 0],
		[671, "PAD177_3", -525.59, -118.05, "T", "SMD", "GPB6", "", "O", 14.331, 33.346, 0, 0, 0],
		[672, "PAD178_4", -500, -118.05, "T", "SMD", "GPB7", "", "O", 14.331, 33.346, 0, 0, 0],
		[673, "PAD179_5", -474.41, -118.05, "T", "SMD", "+3V3", "", "O", 14.331, 33.346, 0, 0, 0],
		[674, "PAD180_6", -448.82, -118.05, "T", "SMD", "GND", "GND", "O", 14.331, 33.346, 0, 0, 0],
		[675, "PAD181_7", -423.23, -118.05, "T", "SMD", "X_CS", "", "O", 14.331, 33.346, 0, 0, 0],
		[676, "PAD182_8", -381.95, -76.77, "T", "SMD", "SCK", "", "O", 33.346, 14.331, 0, 0, 0],
		[677, "PAD183_9", -381.95, -51.18, "T", "SMD", "SDI", "", "O", 33.346, 14.331, 0, 0, 0],
		[678, "PAD184_10", -381.95, -25.59, "T", "SMD", "SDO", "", "O", 33.346, 14.331, 0, 0, 0],
		[679, "PAD185_11", -381.95, 0, "T", "SMD", "XA0", "", "O", 33.346, 14.331, 0, 0, 0],
		[680, "PAD186_12", -381.95, 25.59, "T", "SMD", "XA1", "", "O", 33.346, 14.331, 0, 0, 0],
		[681, "PAD187_13", -381.95, 51.18, "T", "SMD", "XA2", "", "O", 33.346, 14.331, 0, 0, 0],
		[682, "PAD188_14", -381.95, 76.77, "T", "SMD", "XRES", "", "O", 33.346, 14.331, 0, 0, 0],
		[683, "PAD189_17", -474.41, 118.05, "T", "SMD", "GPA0", "", "O", 14.331, 33.346, 0, 0, 0],
		[684, "PAD190_18", -500, 118.05, "T", "SMD", "GPA1", "", "O", 14.331, 33.346, 0, 0, 0],
		[685, "PAD191_19", -525.59, 118.05, "T", "SMD", "GPA2", "", "O", 14.331, 33.346, 0, 0, 0],
		[686, "PAD192_20", -551.18, 118.05, "T", "SMD", "GPA3", "", "O", 14.331, 33.346, 0, 0, 0],
		[687, "PAD193_21", -576.77, 118.05, "T", "SMD", "GPA4", "", "O", 14.331, 33.346, 0, 0, 0],
		[688, "PAD194_22", -618.05, 76.77, "T", "SMD", "GPA5", "", "O", 33.346, 14.331, 0, 0, 0],
		[689, "PAD195_23", -618.05, 51.18, "T", "SMD", "GPA6", "", "O", 33.346, 14.331, 0, 0, 0],
		[690, "PAD196_24", -618.05, 25.59, "T", "SMD", "GPA7", "", "O", 33.346, 14.331, 0, 0, 0],
		[691, "PAD197_25", -618.05, 0, "T", "SMD", "GPB0", "", "O", 33.346, 14.331, 0, 0, 0],
		[692, "PAD198_26", -618.05, -25.59, "T", "SMD", "GPB1", "", "O", 33.346, 14.331, 0, 0, 0],
		[693, "PAD199_27", -618.05, -51.18, "T", "SMD", "GPB2", "", "O", 33.346, 14.331, 0, 0, 0],
		[694, "PAD200_28", -618.05, -76.77, "T", "SMD", "GPB3", "", "O", 33.346, 14.331, 0, 0, 0],
		[695, "PAD201_29", -500, 0, "T", "SMD", "GND", "GND", "R", 185.039, 185.039, 0, 0, 0],
		[696, "PAD202_1", 576.77, 118.05, "T", "SMD", "GPD4", "", "O", 14.331, 33.346, 0, 0, 180],
		[697, "PAD203_2", 551.18, 118.05, "T", "SMD", "GPD5", "", "O", 14.331, 33.346, 0, 0, 180],
		[698, "PAD204_3", 525.59, 118.05, "T", "SMD", "GPD6", "", "O", 14.331, 33.346, 0, 0, 180],
		[699, "PAD205_4", 500, 118.05, "T", "SMD", "GPD7", "", "O", 14.331, 33.346, 0, 0, 180],
		[700, "PAD206_5", 474.41, 118.05, "T", "SMD", "+3V3", "", "O", 14.331, 33.346, 0, 0, 180],
		[701, "PAD207_6", 448.82, 118.05, "T", "SMD", "GND", "GND", "O", 14.331, 33.346, 0, 0, 180],
		[702, "PAD208_7", 423.23, 118.05, "T", "SMD", "X_CS", "", "O", 14.331, 33.346, 0, 0, 180],
		[703, "PAD209_8", 381.95, 76.77, "T", "SMD", "SCK", "", "O", 33.346, 14.331, 0, 0, 180],
		[704, "PAD210_9", 381.95, 51.18, "T", "SMD", "SDI", "", "O", 33.346, 14.331, 0, 0, 180],
		[705, "PAD211_10", 381.95, 25.59, "T", "SMD", "SDO", "", "O", 33.346, 14.331, 0, 0, 180],
		[706, "PAD212_11", 381.95, 0, "T", "SMD", "XA0", "", "O", 33.346, 14.331, 0, 0, 180],
		[707, "PAD213_12", 381.95, -25.59, "T", "SMD", "XA1", "", "O", 33.346, 14.331, 0, 0, 180],
		[708, "PAD214_13", 381.95, -51.18, "T", "SMD", "XA2", "", "O", 33.346, 14.331, 0, 0, 180],
		[709, "PAD215_14", 381.95, -76.77, "T", "SMD", "XRES", "", "O", 33.346, 14.331, 0, 0, 180],
		[710, "PAD216_17", 474.41, -118.05, "T", "SMD", "GPC0", "", "O", 14.331, 33.346, 0, 0, 180],
		[711, "PAD217_18", 500, -118.05, "T", "SMD", "GPC1", "", "O", 14.331, 33.346, 0, 0, 180],
		[712, "PAD218_19", 525.59, -118.05, "T", "SMD", "GPC2", "", "O", 14.331, 33.346, 0, 0, 180],
		[713, "PAD219_20", 551.18, -118.05, "T", "SMD", "GPC3", "", "O", 14.331, 33.346, 0, 0, 180],
		[714, "PAD220_21", 576.77, -118.05, "T", "SMD", "GPC4", "", "O", 14.331, 33.346, 0, 0, 180],
		[715, "PAD221_22", 618.05, -76.77, "T", "SMD", "GPC5", "", "O", 33.346, 14.331, 0, 0, 180],
		[716, "PAD222_23", 618.05, -51.18, "T", "SMD", "GPC6", "", "O", 33.346, 14.331, 0, 0, 180],
		[717, "PAD223_24", 618.05, -25.59, "T", "SMD", "GPC7", "", "O", 33.346, 14.331, 0, 0, 180],
		[718, "PAD224_25", 618.05, 0, "T", "SMD", "GPD0", "", "O", 33.346, 14.331, 0, 0, 180],
		[719, "PAD225_26", 618.05, 25.59, "T", "SMD", "GPD1", "", "O", 33.346, 14.331, 0, 0, 180],
		[720, "PAD226_27", 618.05, 51.18, "T", "SMD", "GPD2", "", "O", 33.346, 14.331, 0, 0, 180],
		[721, "PAD227_28", 618.05, 76.77, "T", "SMD", "GPD3", "", "O", 33.346, 14.331, 0, 0, 180],
		[722, "PAD228_29", 500, 0, "T", "SMD", "GND", "GND", "R", 185.039, 185.039, 0, 0, 180],
		[723, "PAD229_A1B12", -125.99, 93.01, "T", "SMD", "GND", "GND", "R", 23.622, 45.276, 0, 0, 0],
		[724, "PAD230_A4B9", -94.49, 93.01, "T", "SMD", "VBUS", "", "R", 23.622, 45.276, 0, 0, 0],
		[725, "PAD231_B1A12", 125.98, 93.01, "T", "SMD", "GND", "GND", "R", 23.622, 45.276, 0, 0, 0],
		[726, "PAD232_B4A9", 94.49, 93.01, "T", "SMD", "VBUS", "", "R", 23.622, 45.276, 0, 0, 0],
		[727, "PAD233_B5", 68.9, 93.01, "T", "SMD", "CC2", "", "R", 11.811, 45.276, 0, 0, 0],
		[728, "PAD234_B6", 29.53, 93.01, "T", "SMD", "D+", "", "R", 11.811, 45.276, 0, 0, 0],
		[729, "PAD235_A7", 9.84, 93.01, "T", "SMD", "D-", "", "R", 11.811, 45.276, 0, 0, 0],
		[730, "PAD236_A6", -9.84, 93.01, "T", "SMD", "D+", "", "R", 11.811, 45.276, 0, 0, 0],
		[731, "PAD237_B7", -29.53, 93.01, "T", "SMD", "D-", "", "R", 11.811, 45.276, 0, 0, 0],
		[732, "PAD238_A5", -49.21, 93.01, "T", "SMD", "CC1", "", "R", 11.811, 45.276, 0, 0, 0],
		[733, "PAD239_4", 170.08, -93.01, "T", "DIP", "GND", "GND", "O", 39.37, 70.866, 23.622, 55.118, 0],
		[734, "PAD239_4", 170.08, -93.01, "B", "DIP", "GND", "GND", "O", 39.37, 70.866, 23.622, 55.118, 0],
		[735, "PAD240_3", -170.08, -93.01, "T", "DIP", "GND", "GND", "O", 39.37, 70.866, 23.622, 55.118, 0],
		[736, "PAD240_3", -170.08, -93.01, "B", "DIP", "GND", "GND", "O", 39.37, 70.866, 23.622, 55.118, 0],
		[737, "PAD241_2", 170.08, 70.37, "T", "DIP", "GND", "GND", "O", 39.37, 82.677, 23.622, 66.93, 0],
		[738, "PAD241_2", 170.08, 70.37, "B", "DIP", "GND", "GND", "O", 39.37, 82.677, 23.622, 66.93, 0],
		[739, "PAD242_1", -170.08, 70.37, "T", "DIP", "GND", "GND", "O", 39.37, 82.677, 23.622, 66.93, 0],
		[740, "PAD242_1", -170.08, 70.37, "B", "DIP", "GND", "GND", "O", 39.37, 82.677, 23.622, 66.93, 0],
		[741, "PAD243_9", 0, 2750, "T", "SMD", "GND", "GND", "R", 90.551, 125.984, 0, 0, 0],
		[742, "PAD244_8", 134.84, 2825, "T", "SMD", "+3V3", "", "R", 35.433, 23.622, 0, 0, 0],
		[743, "PAD245_6", 134.84, 2725, "T", "SMD", "SDO", "", "R", 35.433, 23.622, 0, 0, 0],
		[744, "PAD246_5", 134.84, 2675, "T", "SMD", "SDI", "", "R", 35.433, 23.622, 0, 0, 0],
		[745, "PAD247_4", -134.84, 2675, "T", "SMD", "GND", "GND", "R", 23.622, 35.433, 0, 0, 90],
		[746, "PAD248_3", -134.84, 2725, "T", "SMD", "SCK", "", "R", 23.622, 35.433, 0, 0, 90],
		[747, "PAD249_2", -134.84, 2775, "T", "SMD", "ST_CS", "", "R", 23.622, 35.433, 0, 0, 90],
		[748, "PAD250_2", -223.42, 2775, "T", "SMD", "ST_CS", "", "R", 23.622, 35.433, 0, 0, 90],
		[749, "PAD251_3", -223.42, 2725, "T", "SMD", "SCK", "", "R", 23.622, 35.433, 0, 0, 90],
		[750, "PAD252_4", -223.42, 2675, "T", "SMD", "GND", "GND", "R", 23.622, 35.433, 0, 0, 90],
		[751, "PAD253_5", 223.42, 2675, "T", "SMD", "SDI", "", "R", 35.433, 23.622, 0, 0, 0],
		[752, "PAD254_6", 223.42, 2725, "T", "SMD", "SDO", "", "R", 35.433, 23.622, 0, 0, 0],
		[753, "PAD255_8", 223.42, 2825, "T", "SMD", "+3V3", "", "R", 35.433, 23.622, 0, 0, 0],
		[754, "PAD256_2", 352.56, 2945, "T", "SMD", "GND", "GND", "R", 31.496, 35.433, 0, 0, 0],
		[755, "PAD257_1", 297.44, 2945, "T", "SMD", "+3V3", "", "R", 31.496, 35.433, 0, 0, 0],
		[756, "PAD258_2", 352.56, 2875, "T", "SMD", "GND", "GND", "R", 31.496, 35.433, 0, 0, 0],
		[757, "PAD259_1", 297.44, 2875, "T", "SMD", "+3V3", "", "R", 31.496, 35.433, 0, 0, 0],
		[758, "PAD260_2", -522.44, 2720, "T", "SMD", "GND", "GND", "R", 31.496, 35.433, 0, 0, 0],
		[759, "PAD261_1", -577.56, 2720, "T", "SMD", "EN", "", "R", 31.496, 35.433, 0, 0, 0],
		[760, "PAD262_2", 497.44, 2945, "T", "SMD", "GND", "GND", "R", 31.496, 35.433, 0, 0, 180],
		[761, "PAD263_1", 552.56, 2945, "T", "SMD", "+5V", "", "R", 31.496, 35.433, 0, 0, 180],
		[762, "PAD264_2", 497.44, 2875, "T", "SMD", "GND", "GND", "R", 31.496, 35.433, 0, 0, 180],
		[763, "PAD265_1", 552.56, 2875, "T", "SMD", "+5V", "", "R", 31.496, 35.433, 0, 0, 180],
		[764, "PAD266_2", 497.44, 2805, "T", "SMD", "GND", "GND", "R", 31.496, 35.433, 0, 0, 180],
		[765, "PAD267_1", 552.56, 2805, "T", "SMD", "+5V", "", "R", 31.496, 35.433, 0, 0, 180],
		[766, "PAD268_2", 352.56, 2805, "T", "SMD", "GND", "GND", "R", 31.496, 35.433, 0, 0, 0],
		[767, "PAD269_1", 297.44, 2805, "T", "SMD", "+3V3", "", "R", 31.496, 35.433, 0, 0, 0],
		[768, "PAD270_2", 352.56, 2735, "T", "SMD", "GND", "GND", "R", 31.496, 35.433, 0, 0, 0],
		[769, "PAD271_1", 297.44, 2735, "T", "SMD", "+3V3", "", "R", 31.496, 35.433, 0, 0, 0],
		[770, "PAD272_2", -577.56, 2650, "T", "SMD", "EN", "", "R", 31.496, 35.433, 0, 0, 180],
		[771, "PAD273_1", -522.44, 2650, "T", "SMD", "GND", "GND", "R", 31.496, 35.433, 0, 0, 180],
		[772, "PAD274_2", -577.56, 2580, "T", "SMD", "BOOT", "", "R", 31.496, 35.433, 0, 0, 180],
		[773, "PAD275_1", -522.44, 2580, "T", "SMD", "GND", "GND", "R", 31.496, 35.433, 0, 0, 180],
		[774, "PAD276_2", -390.34, 1330, "T", "SMD", "+3V3", "", "R", 31.751, 34.016, 0, 0, 0],
		[775, "PAD277_1", -449.66, 1330, "T", "SMD", "EN", "", "R", 31.751, 34.016, 0, 0, 0],
		[776, "PAD278_2", -70.34, 145, "T", "SMD", "CC1", "", "R", 31.751, 34.016, 0, 0, 0],
		[777, "PAD279_1", -129.66, 145, "T", "SMD", "GND", "GND", "R", 31.751, 34.016, 0, 0, 0],
		[778, "PAD280_2", 70.34, 145, "T", "SMD", "CC2", "", "R", 31.751, 34.016, 0, 0, 180],
		[779, "PAD281_1", 129.66, 145, "T", "SMD", "GND", "GND", "R", 31.751, 34.016, 0, 0, 180],
		[780, "PAD282_2", -645.34, 2260, "T", "SMD", "PWRLED", "", "R", 31.751, 34.016, 0, 0, 0],
		[781, "PAD283_1", -704.66, 2260, "T", "SMD", "+3V3", "", "R", 31.751, 34.016, 0, 0, 0],
		[782, "PAD284_2", -645.34, 2200, "T", "SMD", "EN", "", "R", 31.751, 34.016, 0, 0, 0],
		[783, "PAD285_1", -704.66, 2200, "T", "SMD", "+3V3", "", "R", 31.751, 34.016, 0, 0, 0],
		[784, "PAD286_2", 474.66, 410, "T", "SMD", "+3V3", "", "R", 31.751, 34.016, 0, 0, 0],
		[785, "PAD287_1", 415.34, 410, "T", "SMD", "BOOT", "", "R", 31.751, 34.016, 0, 0, 0],
		[786, "PAD288_2", 474.66, 350, "T", "SMD", "+3V3", "", "R", 31.751, 34.016, 0, 0, 0],
		[787, "PAD289_1", 415.34, 350, "T", "SMD", "SCL", "", "R", 31.751, 34.016, 0, 0, 0],
		[788, "PAD290_2", -704.66, 2140, "T", "SMD", "+3V3", "", "R", 31.751, 34.016, 0, 0, 180],
		[789, "PAD291_1", -645.34, 2140, "T", "SMD", "SDA", "", "R", 31.751, 34.016, 0, 0, 180]
	]
}
}